Company,9/30/2008
1 800 FLOWERS COM INC,-2.0
1ST CONSTITUTION BANCORP,-23.3
1ST SOURCE CORP,8.1
21ST CENTURY HOLDING CO,-21.6
3 D SYSTEMS CORP DEL,16.6
3M CO,-4.6
51JOB INC,-16.7
8X8 INC NEW,-15.5
A A R CORP,4.5
A B B LTD,-21.0
A B M INDUSTRIES INC,-16.9
A B X AIR INC,-25.3
A C C O BRANDS CORP,-11.2
A C I WORLDWIDE INC,-3.3
A E P INDUSTRIES INC,7.4
A E S CORP,-23.4
A F C ENTERPRISES INC,-20.0
A G C O CORP,-30.9
A G I C CONVERTIBLE & INC FD II,-29.9
A G I C CONVERTIBLE & INCOME FD,-29.1
A K STEEL HOLDING CORP,-50.7
A M A G PHARMACEUTICALS INC,0.1
A M B PROPERTY CORP,-0.2
A M N HEALTHCARE SERVICES INC,-7.5
A N I PHARMACEUTICALS INC,-5.4
A P A ENTERPRISES INC,-10.8
A R C DOCUMENTS SOLUTIONS INC,-2.6
A S A BERMUDA LTD,-13.9
A S M L HOLDING N V,-25.5
A T & T INC,-12.7
A T N INTERNATIONAL INC,-15.8
A U OPTRONICS CORP,-4.9
A V HOMES INC,3.8
A V I BIOPHARMA INC,8.0
A V X CORP NEW,-11.2
A X T INC,-47.9
A Z Z INC,-4.8
AAON INC,-14.8
AARON RENTS INC,-7.8
AASTROM BIOSCIENCES INC,-20.6
ABAXIS INC,-1.0
ABBOTT LABORATORIES,0.3
ABER DIAMOND CORP,-31.3
ABERCROMBIE & FITCH CO,-24.8
ABERDEEN ASIA PACIFIC INCOME FD,-12.5
ABERDEEN AUSTRALIA EQUITY FD INC,-19.1
ABERDEEN CHILE FUND INC,-16.8
ABERDEEN EMERG MKTS TEL FD INC,-19.2
ABERDEEN GLOBAL INCOME FD INC,-11.2
ABERDEEN GREATER CHINA FUND INC,-20.4
ABERDEEN INDONESIA FUND INC,-21.7
ABERDEEN ISRAEL FUND INC,-21.2
ABERDEEN JAPAN EQUITY FUND INC,-13.6
ABERDEEN LATIN AMERICA EQUITY FD,-19.9
ABERDEEN SINGAPORE FUND INC,-14.9
ABIOMED INC,-1.5
ABRAXAS PETROLEUM CORP,-27.7
ACACIA RESEARCH CORP,-24.3
ACACIA RESEARCH CORP,3.9
ACADIA PHARMACEUTICALS,5.1
ACADIA REALTY TRUST,7.3
ACCELERATE DIAGNOSTICS INC,-2.7
ACCENTURE LTD BERMUDA,-8.1
ACCESS INTEGRATED TECHNLGS INC,-14.4
ACCESS NATIONAL CORP,-6.4
ACE LTD,2.9
ACETO CORP,12.3
ACHILLION PHARMACEUTICALS INC,-46.5
ACME UNITED CORP,-11.3
ACORDA THERAPEUTICS INC,-15.3
ACRE REALTY INVESTORS INC,-13.0
ACTAVIS INC,-6.0
ACTIVISION BLIZZARD INC,-6.0
ACTUA CORP,-4.0
ACTUANT CORP,-19.9
ACUITY BRANDS INC,-4.0
ACXIOM CORP,-13.2
ADAMS EXPRESS CO,-11.4
ADAMS NATURAL RESOURCES FUND INC,-20.4
ADAMS RESOURCES & ENERGY INC,-18.6
ADCARE HEALTH SYSTEMS INC,-12.3
ADDVANTAGE TECHNOLOGIES GRP INC,-14.3
ADMINISTAFF INC,-0.7
ADOBE SYSTEMS INC,-7.8
ADTRAN INC,-14.5
ADVANCE AUTO PARTS INC,-7.7
ADVANCED ENERGY INDUSTRIES INC,-15.2
ADVANCED MICRO DEVICES INC,-16.5
ADVANCED SEMICONDUCTOR ENGR INC,-28.9
ADVANTAGE ENERGY INCOME FUND,-18.0
ADVENT CLAYMORE CONV SECS INC FD,-17.6
ADVENT CLAYMORE ENH GR & INC FD,-20.0
ADVENTRX PHARMACEUTICALS INC,-32.2
ADVISORY BOARD CO,-2.4
ADVOCAT INC,-29.2
AEGEAN MARINE PETROLEUM NETW INC,-28.1
AEGION CORP,-18.5
AEGON N V,-25.5
AEHR TEST SYSTEMS,-15.1
AERCAP HOLDINGS N V,-23.5
AEROCENTURY CORP,1.9
AEROJET ROCKETDYNE HOLDINGS INC,-13.7
AETERNA ZENTARIS INC,-48.2
AETNA INC NEW,-16.3
AFFILIATED MANAGERS GROUP INC,-13.0
AFFORDABLE RESIDENTIAL CMNTYS IN,-0.9
AFLAC INC,3.6
AGENUS INC,-9.2
AGILENT TECHNOLOGIES INC,-14.7
AGILYSYS INC,-22.4
AGNICO EAGLE MINES LTD,-3.8
AGREE REALTY CORP,8.1
AGRIUM INC,-33.5
AIR METHODS CORP,-1.9
AIR PRODUCTS & CHEMICALS INC,-25.0
AIR T INC,-20.6
AIRCASTLE LTD,-23.4
AIXTRON AKTIENGESELLSCHAFT,-42.7
AKAMAI TECHNOLOGIES INC,-23.8
AKORN INC,5.8
ALAMO GROUP INC,-18.5
ALASKA AIRGROUP INC,-3.0
ALASKA COMMUNICATIONS SYS GRP IN,18.3
ALBANY INTERNATIONAL CORP NEW,-10.5
ALBANY MOLECULAR RESEARCH INC,3.8
ALBEMARLE CORP,-22.1
ALCOA INC,-29.7
ALERE INC,-15.5
ALESCO FINANCIAL INC,-13.5
ALEXANDER & BALDWIN HLDGS INC,-1.6
ALEXANDERS INC,4.1
ALEXANDRIA REAL EST EQUITIES INC,5.2
ALEXION PHARMACEUTICALS INC,-12.8
ALICO INC,9.9
ALIGN TECHNOLOGY INC,-16.9
ALKERMES INC,-0.5
ALLEGHANY CORP DE,14.1
ALLEGHENY TECHNOLOGIES,-39.7
ALLEGIANT TRAVEL CO,13.9
ALLETE INC,5.4
ALLIANCE CA MUN INC FD,-14.2
ALLIANCE DATA SYSTEMS CORP,-1.3
ALLIANCE HEALTHCARE SERVICES INC,-11.5
ALLIANCE HOLDINGS G P L P,-28.7
ALLIANCE NATIONAL MUN INC FD,-19.1
ALLIANCE ONE INTERNATIONAL INC,-5.5
ALLIANCE RESOURCE PARTNERS,-32.4
ALLIANCEBERNSTEIN GLBL HIGH INC,-18.8
ALLIANCEBERNSTEIN HOLDING L P,-31.8
ALLIANT ENERGY CORP,-7.8
ALLIANT TECHSYSTEMS INC,-10.7
ALLIANZGI N F J DIV INT & PR STR,-14.7
ALLIED HEALTHCARE PRODUCTS INC,-10.8
ALLIED MOTION TECHNOLOGIES INC,0.0
ALLIED WORLD ASSUR CO HLDGS AG,-8.0
ALLOT COMMUNICATIONS LTD,-2.0
ALLSCRIPTS HEALTHCARE SOLNS INC,-13.2
ALLSTATE CORP,2.2
ALMADEN MINERALS LTD,-17.6
ALMOST FAMILY INC,-12.5
ALNYLAM PHARMACEUTICALS INC,-2.4
ALON U S A ENERGY INC,10.6
ALPHA PRO TECH LTD,17.5
ALPHABET INC,-13.5
ALPHATEC HOLDINGS INC,-4.0
ALPINE GLOBAL DYNAMIC DIVID FD,-21.4
ALTO PALERMO S A,-28.4
ALTRA HOLDINGS INC,-18.0
ALTRIA GROUP INC,-4.1
ALUMINUM CORP CHINA LTD,-30.6
AMARIN CORP PLC,-37.1
AMAZON COM INC,-10.0
AMBEV SA,-14.4
AMCON DISTRIBUTING CO,-21.4
AMDOCS LTD,-9.3
AMEDISYS INC,-8.5
AMERCO,0.6
AMEREN CORP,-5.2
AMERICA MOVIL S A B DE C V,-9.8
AMERICA MOVIL S A B DE C V,-10.2
AMERICAN ACCESS TECHNOLOGIES INC,-23.0
AMERICAN AXLE & MFG HLGDS INC,10.7
AMERICAN CAMPUS COMMUNITIES INC,11.7
AMERICAN CAPITAL LTD,17.3
AMERICAN EAGLE OUTFITTERS INC NE,2.0
AMERICAN ECOLOGY CORP,-14.8
AMERICAN ELECTRIC POWER CO INC,-5.1
AMERICAN EQUITY INVT LIFE HLDG C,-18.4
AMERICAN EXPRESS CO,-10.7
AMERICAN FINANCIAL GROUP INC NEW,3.4
AMERICAN INCOME FUND INC,-15.5
AMERICAN INTERNATIONAL GROUP INC,-83.5
AMERICAN NATIONAL BANKSHARES INC,8.3
AMERICAN NATIONAL INS CO,-8.7
AMERICAN RAILCAR INDUSTRIES INC,-1.0
AMERICAN REAL ESTATE PARTNERS LP,-29.4
AMERICAN REALTY INVESTORS INC,4.8
AMERICAN RIVER BANKSHARES,-3.4
AMERICAN SHARED HOSPITAL SVCS,-28.6
AMERICAN SOFTWARE INC,-8.2
AMERICAN STATES WATER CO,-2.6
AMERICAN SUPERCONDUCTOR CORP,-4.1
AMERICAN TECHNOLOGY CORP,-23.7
AMERICAN TOWER CORP,-13.0
AMERICAN VANGUARD CORP,1.8
AMERICAN WOODMARK CORP,-5.1
AMERICAS CAR MART INC,-1.7
AMERIGAS PARTNERS LP,-5.2
AMERIGON INC,-5.1
AMERIPRISE FINANCIAL INC,-15.0
AMERIS BANCORP,24.0
AMERISAFE INC,-1.6
AMERISERV FINANCIAL INC,-11.3
AMERISOURCEBERGEN CORP,-8.2
AMES NATL CORP,13.0
AMETEK INC NEW,-15.9
AMGEN INC,-5.7
AMKOR TECHNOLOGY INC,-15.2
AMPCO PITTSBURGH CORP,-40.4
AMPHENOL CORP NEW,-15.5
AMREP CORP,-21.5
AMSURG CORP,-6.0
AMTECH SYSTEMS INC,-17.1
AMTRUST FINANCIAL SERVICES INC,-3.0
AMVESCAP PLC,-18.1
ANADARKO PETROLEUM CORP,-21.3
ANALOG DEVICES INC,-5.8
ANALOGIC CORP,-26.5
ANDERSONS INC,-21.5
ANGEION CORP,-3.1
ANGIODYNAMICS INC,-3.8
ANGLOGOLD ASHANTI LTD,-14.2
ANIKA THERAPEUTICS INC,-15.4
ANIXTER INTERNATIONAL INC,-19.4
ANNALY CAPITAL MANAGEMENT INC,-6.4
ANSWERTHINK INC,-15.0
ANSYS INC,-14.6
ANTARES PHARMA INC,-2.7
ANTHEM INC,-11.4
ANWORTH MORTGAGE ASSET CORP,-9.5
AON CORP,-5.3
APACHE CORP,-8.8
APARTMENT INVESTMENT & MGMT CO,-1.2
APOGEE ENTERPRISES INC,-24.9
APOLLO EDUCATION GROUP INC,-6.9
APOLLO INVESTMENT CORP,-0.7
APPLE INC,-33.0
APPLIANCE RECYCLING CTRS AMR INC,-20.1
APPLIED INDUSTRIAL TECHS INC,-7.5
APPLIED MATERIALS INC,-15.6
APPLIED MICRO CIRCUITS CORP,-24.9
APRICUS BIOSCIENCES INC,-36.7
APTARGROUP INC,-3.2
AQUA AMERICA INC,-2.8
ARALEZ PHARMACEUTICALS INC,-8.8
ARBOR REALTY TRUST INC,13.5
ARCA BIOPHARMA INC,-11.1
ARCBEST CORP,-2.7
ARCELORMITTAL,-36.7
ARCH CAPITAL GROUP LTD NEW,4.7
ARCHER DANIELS MIDLAND CO,-13.9
ARCHROCK PARTNERS L P,-31.4
ARCTIC CAT INC,-11.4
ARENA PHARMACEUTICALS INC,-17.6
ARES CAPITAL CORP,-10.3
ARGO GROUP INTL HLDGS LTD,-2.0
ARIAD PHARMACEUTICALS INC,-20.6
ARK RESTAURANTS CORP,-30.4
ARLINGTON ASSET INVESTMENT CORP,9.3
ARMSTRONG WORLD INDS INC NEW,-22.5
AROTECH CORP,-24.7
ARQULE INC,-8.5
ARRAY BIOPHARMA INC,-6.0
ARRHYTHMIA RESEARCH TECH INC,-34.0
ARRIS GROUP INC,-18.3
ARROW ELECTRONICS INC,-21.0
ARROW FINANCIAL CORP,20.2
ARROWHEAD PHARMACEUTICALS INC,-40.6
ARTESIAN RESOURCES CORP,-4.0
ARTS WAY MANUFACTURING INC,-39.8
ARVINMERITOR INC,-13.1
ASBURY AUTOMOTIVE GROUP INC,-5.1
ASCENA RETAIL GROUP INC,-6.0
ASHFORD HOSPITALITY TRUST INC,-6.2
ASHLAND GLOBAL HOLDINGS INC,-28.6
ASIA PACIFIC FUND INC,-19.8
ASIA TIGERS FUND INC,-16.8
ASPEN INSURANCE HOLDINGS LTD,1.5
ASSOCIATED BANC CORP,14.0
ASSURANT INC,-5.9
ASSURED GUARANTY LTD,0.0
ASTA FUNDING INC,-14.9
ASTEC INDUSTRIES INC,-10.4
ASTORIA FINANCIAL CORP,-5.1
ASTRAZENECA PLC,-9.9
ASTRO MEDICAL INC NEW,0.7
ASTRONICS CORP,-6.0
ASTROTECH CORP,-21.7
ASURE SOFTWARE INC,-19.4
ATLANTIC AMERICAN CORP,-23.7
ATLANTIC COAST FED CORP,-2.0
ATLANTICUS HOLDINGS CORP,-24.5
ATLAS AIR WORLDWIDE HOLDINGS INC,-30.2
ATMOS ENERGY CORP,-3.3
ATRICURE INC,-3.3
ATRION CORP,-10.4
ATWOOD OCEANICS INC,-10.5
AUBURN NATIONAL BANCORP,0.8
AUDIOCODES LTD,-39.3
AUDIOVOX CORP,-4.0
AUTOBYTEL INC,-8.5
AUTODESK INC,-5.6
AUTOLIV INC,-12.1
AUTOMATIC DATA PROCESSING INC,-3.0
AUTONATION INC DEL,-1.0
AUTOZONE INC,-10.1
AVALON HOLDINGS CORP,-24.4
AVALONBAY COMMUNITIES INC,-1.6
AVANT IMMUNOTHERAPEUTICS INC,-15.9
AVERY DENNISON CORP,-7.8
AVIRAGEN THERAPEUTICS INC,-19.1
AVIS BUDGET GROUP INC,-24.7
AVISTA CORP,-2.6
AVNET INC,-16.1
AVON PRODUCTS INC,-2.9
AWARE INC,-1.9
AXCELIS TECHNOLOGIES INC,-64.1
AXIS CAPITAL HOLDINGS LTD,-4.6
B B & T CORP,26.0
B C B BANCORP INC,-5.4
B C E INC,-8.2
B E AEROSPACE INC,-33.9
B G C PARTNERS INC,-32.9
B H P BILLITON LTD,-25.1
B H P BILLITON PLC,-25.3
B N C BANCORP,-8.3
B O K FINANCIAL CORP,11.1
B O S BETTER ONLINE SOLNS LTD,-30.9
B OF I HOLDING INC,3.3
B P PLC,-12.9
B P PRUDHOE BAY ROYALTY TRUST,0.7
B R F BRASIL FOODS S A,-22.3
B R T REALTY TRUST,-6.1
B T GROUP PLC,-7.3
BABSON CAP PARTICIPATION INVS,-12.5
BABSON CAPITAL CORPORATE INVS,-11.0
BADGER METER INC,2.0
BAIDU COM INC,-20.9
BAKER HUGHES INC,-24.3
BALCHEM CORP,-2.3
BALDWIN & LYONS INC,12.4
BALL CORP,-14.0
BALLANTYNE OMAHA INC,-54.7
BALLARD POWER SYSTEMS INC,-23.1
BANC OF CALIFORNIA INC,5.6
BANCFIRST CORP,0.9
BANCO BILBAO VIZCAYA ARGENTARIA,-3.9
BANCO DE CHILE,-8.4
BANCO LATINOAMERICANO DE CO EX S,-20.3
BANCO MACRO S A,-7.7
BANCO SANTANDER CENTRAL HISP SA,-11.5
BANCO SANTANDER CHILE NEW,-2.8
BANCORP INC,8.7
BANCORPSOUTH INC,23.2
BANCROFT FUND LTD,-19.5
BANK MONTREAL QUE,-1.3
BANK MUTUAL CORP NEW,-5.8
BANK NEW YORK INC,-5.9
BANK OF AMERICA CORP,14.5
BANK OF COMMERCE HOLDINGS,-0.9
BANK OF HAWAII CORP,1.1
BANK OF MARIN,2.2
BANK OF NOVA SCOTIA,0.1
BANK OF THE OZARKS INC,20.7
BANK SOUTH CAROLINA CORP,-9.3
BANKFINACIAL CORP,-1.6
BANNER CORP,13.6
BANRO CORP,-25.7
BAR HARBOR BANKSHARES,-7.5
BARCLAYS PLC,-3.9
BARD C R INC,1.5
BARNES & NOBLE INC,6.5
BARNES GROUP INC,-16.2
BARNWELL INDUSTRIES INC,-20.5
BARRETT BUSINESS SERVICES INC,-11.4
BARRICK GOLD CORP,5.8
BASIC ENERGY SERVICES INC,-27.1
BASSETT FURNITURE INDUSTRIES INC,-16.8
BAXTER INTERNATIONAL INC,-2.8
BAY BANCORP INC,-25.4
BAYTEX ENERGY CORP,-17.7
BBCN BANCORP INC,2.5
BBVA BANCO FRANCES SA,-17.2
BEACON ROOFING SUPPLY INC,-4.1
BEAR STATE FINANCIAL INC,30.8
BEASLEY BROADCAST GROUP INC,-47.6
BEAZER HOMES USA INC,-14.1
BEBE STORES INC,1.2
BECTON DICKINSON & CO,-7.8
BED BATH & BEYOND INC,2.4
BEL FUSE INC,-6.9
BEL FUSE INC,2.3
BELDEN C D T INC,-13.3
BELMOND LTD,-32.8
BEMIS CO INC,-6.1
BENCHMARK ELECTRONICS INC,-14.6
BERKLEY W R CORP,0.2
BERKSHIRE HATHAWAY INC DEL,12.0
BERKSHIRE HATHAWAY INC DEL,12.6
BERKSHIRE HILLS BANCORP INC,20.3
BEST BUY COMPANY INC,-16.2
BIG 5 SPORTING GOODS CORP,14.9
BIG LOTS INC,-5.9
BIGLARI HOLDINGS INC,11.6
BILL BARRETT CORP,-18.5
BIO RAD LABORATORIES INC,-7.9
BIO TECHNE CORP,-6.5
BIOANALYTICAL SYSTEMS INC,2.0
BIOCRYST PHARMACEUTICALS INC,-6.5
BIODELIVERY SCIENCES INTL INC,-34.8
BIOGEN IDEC INC,-1.3
BIOLASE INC,-26.2
BIOMARIN PHARMACEUTICAL INC,-12.1
BIOMIRA INC,-49.6
BIOSCRIP INC,-25.9
BIOVAIL CORP,-8.7
BIRKS & MAYORS INC,-33.3
BJS RESTAURANTS INC,2.6
BLACK BOX CORP DEL,-3.5
BLACK HILLS CORP,-8.1
BLACKBAUD INC,-8.6
BLACKBERRY LTD,-43.8
BLACKROCK CALIF MUN 2018 TERM TR,-13.4
BLACKROCK CALIF MUN INCOME TR,-5.7
BLACKROCK CAPITAL & INC STRAT FD,-19.3
BLACKROCK CORE BOND TRUST,-8.8
BLACKROCK CORP HI YLD FD VI INC,-19.8
BLACKROCK CREDIT ALL INC TR IV,-25.2
BLACKROCK DEBT STRATEGIES FD INC,-22.7
BLACKROCK ENERGY & RESOURCES TR,-23.6
BLACKROCK ENHANCED DIV ACHVRS TR,-10.1
BLACKROCK ENHANCED GOVT FD INC,-6.3
BLACKROCK FL INSD MUN INCOME TR,-15.2
BLACKROCK FLA MUN 2020 TERM TR,-14.5
BLACKROCK FLA MUN INCOME TR,-18.9
BLACKROCK FLOATING RATE INC TR,-17.4
BLACKROCK FLOATING RT INC STRAT,-23.3
BLACKROCK GLOBAL OPP EQUITY TR,-26.2
BLACKROCK HEALTH SCIENCES TRUST,-4.4
BLACKROCK INC,-10.5
BLACKROCK INCOME TRUST INC,-8.4
BLACKROCK INSURED MUN INC TR,-15.0
BLACKROCK INVEST QLTY MUNI TR IN,-21.2
BLACKROCK LONG TERM MUNI ADV TR,-19.0
BLACKROCK LTD DURATION INCOME TR,-13.6
BLACKROCK MA TAX EXEMPT TRUST,-13.7
BLACKROCK MARYLAND MUNI BD TR,-7.8
BLACKROCK MUN 2018 TERM TR,-8.3
BLACKROCK MUN INCOME TR,-19.3
BLACKROCK MUNI BOND TRUST,-17.0
BLACKROCK MUNI INTERM DUR FD INC,-12.3
BLACKROCK MUNI NY INTER DUR FUND,-15.1
BLACKROCK MUNIASSETS FUND INC,-12.2
BLACKROCK MUNICIPAL 2020 TERM TR,-18.3
BLACKROCK MUNICIPAL INCOME TR II,-21.5
BLACKROCK MUNIENHANCED FUND INC,-14.6
BLACKROCK MUNIHLDGS CA QLTY FD,-15.8
BLACKROCK MUNIHLDGS INV QLTY FD,-16.1
BLACKROCK MUNIHLDGS NJ QLTY FD,-14.2
BLACKROCK MUNIHLDGS NY QLTY FD,-15.2
BLACKROCK MUNIHLDGS QLTY FD II,-16.2
BLACKROCK MUNIHLDGS QLTY FD INC,-15.9
BLACKROCK MUNIHOLDINGS FUND II,-18.7
BLACKROCK MUNIHOLDINGS FUND INC,-18.3
BLACKROCK MUNIVEST FUND II INC,-22.2
BLACKROCK MUNIVEST FUND INC,-17.2
BLACKROCK MUNIYIELD AZ FUND INC,-3.4
BLACKROCK MUNIYIELD CA FUND INC,-21.3
BLACKROCK MUNIYIELD CA INSD FUND,-15.3
BLACKROCK MUNIYIELD FL INSD FUND,-17.4
BLACKROCK MUNIYIELD FLORIDA FUND,-15.7
BLACKROCK MUNIYIELD FUND INC,-17.4
BLACKROCK MUNIYIELD INSURED FD,-14.4
BLACKROCK MUNIYIELD MI INS FD IN,-16.5
BLACKROCK MUNIYIELD NJ FUND INC,-15.4
BLACKROCK MUNIYIELD NY INSD FD,-16.0
BLACKROCK MUNIYIELD PENN INSD FD,-18.1
BLACKROCK MUNIYIELD QLTY FUND II,-17.4
BLACKROCK MUNIYIELD QUALITY FUND,-13.5
BLACKROCK N J MUN INCOME TR,-7.8
BLACKROCK N Y MUN INC TR II,-18.2
BLACKROCK N Y MUN INCOME TR,-14.3
BLACKROCK NEW JERSEY MUNI BD TR,-4.0
BLACKROCK NY INSD MUN INCOME TR,-16.6
BLACKROCK NY MUN 2018 TERM TR,0.1
BLACKROCK NY MUNI BOND TRUST,-20.2
BLACKROCK STRATEGIC MUNICIPAL TR,-19.4
BLACKROCK VIRGINIA MUNI BD TR,-2.7
BLACKSTONE MORTGAGE TRUST INC,33.5
BLDRS INDEX FUNDS TRUST,-10.2
BLDRS INDEX FUNDS TRUST,-12.4
BLDRS INDEX FUNDS TRUST,-16.9
BLDRS INDEX FUNDS TRUST,-13.2
BLOCK H & R INC,-10.3
BLONDER TONGUE LABORATORIES INC,2.1
BLUCORA INC,-7.3
BLUE NILE INC,3.0
BLUELINX HOLDINGS INC,-26.6
BLUEPHOENIX SOLUTIONS LTD,-34.3
BOARDWALK PIPELINE PARTNERS LP,-16.2
BOB EVANS FARMS INC,-2.3
BOEING CO,-12.5
BON TON STORES INC,-32.0
BONSO ELECTRONICS INTL INC,-46.0
BOOKHAM INC,-33.1
BORGWARNER INC,-20.7
BOSTON BEER INC,5.6
BOSTON PRIVATE FINL HLDGS INC,-2.2
BOSTON PROPERTIES INC,-7.9
BOSTON SCIENTIFIC CORP,-2.3
BOTTOMLINE TECHNOLOGIES DEL INC,-9.7
BOULDER GROWTH & INCOME FUND INC,-19.6
BOVIE MEDICAL CORP,-7.0
BOWL AMERICA INC,-1.6
BOYD GAMING CORP,-23.2
BRADY CORP,-3.9
BRANDYWINE REALTY TRUST,-7.9
BRIDGFORD FOODS CORP,-10.6
BRIGGS & STRATTON CORP,7.9
BRINKER INTERNATIONAL INC,-4.9
BRINKS CO,-12.6
BRISTOL MYERS SQUIBB CO,-2.3
BRISTOW GROUP INC,-17.0
BRITISH AMERICAN TOBACCO PLC,-8.8
BROADWAY FINANCIAL CORP DEL,-6.5
BROCADE COMMUNICATIONS SYS INC,-21.6
BROOKDALE SENIOR LIVING INC,-0.3
BROOKFIELD ASSET MANAGEMENT INC,-11.3
BROOKLINE BANCORP INC,24.4
BROOKS AUTOMATION INC,-13.0
BROWN & BROWN INC,6.4
BROWN FORMAN CORP,-1.4
BROWN FORMAN CORP,0.2
BROWN SHOE CO INC NEW,8.2
BRUKER BIOSCIENCES CORP,-13.7
BRUNSWICK CORP,-7.3
BRUSH ENGINEERED MATERIALS INC,-36.6
BRYN MAWR BANK CORP,-0.8
BSQUARE CORP,-2.1
BUCKEYE PARTNERS L P,-14.4
BUCKLE INC,7.0
BUFFALO WILD WINGS INC,11.5
BUILD A BEAR WORKSHOP INC,-1.9
BUILDERS FIRSTSOURCE INC,18.1
BUNGE LTD,-29.3
C & F FINANCIAL CORP,-7.4
C A E INC,-23.0
C A INC,-16.4
C A S MEDICAL SYSTEMS INC,20.1
C B L & ASSOCIATES PPTYS INC,-4.9
C B R E GROUP INC,2.3
C B R L GROUP INC,1.8
C B S CORP NEW,-9.6
C B S CORP NEW,-9.9
C C A INDUSTRIES INC,-14.8
C D I CORP,-11.0
C E B INC,-12.9
C E C O ENVIRONMENTAL CORP,-16.8
C F INDUSTRIES HOLDINGS INC,-40.0
C G G,-22.7
C I G N A CORP,-18.9
C I M COMMERCIAL TRUST CORP,-8.2
C K X LANDS INC,-8.4
C M E GROUP INC,12.6
C M G I INC,-18.5
C M S ENERGY CORP,-8.1
C N A FINANCIAL CORP,-6.4
C N B FINANCIAL CORP PA,-18.1
C N O FINANCIAL GROUP INC,-60.8
C N O O C LTD,-24.8
C P F L ENERGIA S A,-11.2
C P I AEROSTRUCTURES INC,-3.0
C R A INTERNATIONAL INC,-31.1
C R H PLC,-18.1
C S G SYSTEMS INTERNATIONAL INC,-7.2
C S P INC,-13.0
C S S INDUSTRIES INC,-3.4
C S X CORP,-15.6
C T I BIOPHARMA CORP,-68.4
C T I INDUSTRIES CORP,0.0
C T S CORP,-3.2
C V B FINANCIAL CORP,30.1
C V D EQUIPMENT CORP,-17.6
C V S CAREMARK CORP,-8.0
CABELAS INC,-1.4
CABELTEL INTL CORP,26.1
CABOT CORP,14.9
CABOT MICROELECTRONICS CORP,-16.9
CABOT OIL & GAS CORP,-18.7
CACI INTERNATIONAL INC,-1.1
CADENCE DESIGN SYSTEMS INC,-15.4
CADIZ INC,-2.3
CAL MAINE FOODS INC,-30.5
CALAMOS ASSET MANAGEMENT INC,-16.4
CALAMOS CONV OPPORT & IN FD,-19.0
CALAMOS CONVERTIBLE & HI INC FD,-22.8
CALAMOS GLOBAL TOTAL RETURN FUND,-20.9
CALAMOS STRATEGIC TOT RETURN FD,-19.4
CALAMP CORP,-34.0
CALATLANTIC GROUP INC,53.4
CALAVO GROWERS INC,2.6
CALGON CARBON CORP,-4.5
CALIFORNIA FIRST NATIONAL BANCOR,-12.2
CALIFORNIA WATER SERVICE GROUP,-2.0
CALLAWAY GOLF CO,4.1
CALLIDUS SOFTWARE INC,-16.6
CALLON PETROLEUM CO DEL,-9.3
CALUMET SPECIALTY PRODS PTNRS LP,-13.6
CAMBREX CORP,-5.5
CAMDEN NATIONAL CORP,7.9
CAMDEN PROPERTY TRUST,-4.6
CAMECO CORP,-25.6
CAMPBELL SOUP CO,4.9
CAMTEK LTD,-6.7
CANADIAN IMPERIAL BANK COMMERCE,-0.5
CANADIAN NATIONAL RAILWAY CO,-8.5
CANADIAN NATURAL RESOURCES LTD,-19.4
CANADIAN PACIFIC RAILWAY LTD,-10.9
CANADIAN SOLAR INC,-39.8
CANON INC,-15.6
CANTEL MEDICAL CORP,0.3
CANTERBURY PARK HOLDING CORP,-12.7
CAPELLA EDUCATION CO,-13.8
CAPITAL CITY BANK GROUP,30.1
CAPITAL ONE FINANCIAL CORP,15.5
CAPITAL SENIOR LIVING CORP,-3.4
CAPITAL SOUTHWEST CORP,6.2
CAPITOL FEDERAL FINANCIAL,1.4
CAPSTEAD MORTGAGE CORP,-2.0
CAPSTONE TURBINE CORP,-52.6
CARBO CERAMICS INC,-14.1
CARDICA INC,0.0
CARDINAL FINANCIAL CORP,-4.8
CARDINAL HEALTH INC,-10.1
CARDIOME PHARMA CORP,-13.5
CARDIOVASCULAR SYSTEMS INC DEL,-2.4
CAREER EDUCATION CORP,-12.8
CARLISLE COMPANIES,-7.5
CARMAX INC,-5.4
CARNIVAL CORP,-4.6
CARNIVAL PLC,-10.6
CAROLINA BANK HOLDINGS INC,-3.3
CAROLINA TRUST BANCSHARES INC,8.2
CARPENTER TECHNOLOGY CORP,-33.9
CARRIAGE SERVICES INC,-19.5
CARRIZO OIL & GAS INC,-26.9
CARROLS RESTAURANT GROUP INC,-47.4
CARTERS INC,7.2
CARTESIAN INC,-16.7
CARVER BANCORP INC,-12.2
CASCADE BANCORP,11.4
CASELLA WASTE SYSTEMS INC,-11.8
CASEYS GENERAL STORES INC,4.0
CASI PHARMACEUTICALS INC,-21.3
CASS INFORMATION SYSTEMS INC,-1.2
CASTLE BRANDS INC,-18.5
CASUAL MALE RETAIL GROUP INC,2.9
CATALYST BIOSCIENCES INC,-36.5
CATALYST PHARMACEUTICAL PTNRS IN,-27.5
CATERPILLAR INC,-15.7
CATHAY GENERAL BANCORP,22.9
CATO CORP NEW,0.6
CAVCO INDUSTRIES INC DEL,3.3
CBIZ INC,-0.6
CBRE CLARION GLOB RL EST INC FD,-28.7
CEDAR FAIR L P,-1.4
CEDAR REALTY TRUST INC,0.9
CEL SCI CORP,-33.3
CELADON GROUP INC,-10.9
CELANESE CORP DEL,-27.6
CELESTICA INC,-23.3
CELGENE CORP,-8.7
CELSION CORP,-19.6
CEMEX S A B DE C V,-14.1
CENTENE CORP DEL,-9.2
CENTENNIAL BANK HOLDINGS INC,8.3
CENTER BANCORP INC,-4.2
CENTERPOINT ENERGY INC,-8.2
CENTERSTATE BANKS INC,25.3
CENTRAL EUROPE & RUSSIA FUND INC,-25.4
CENTRAL EUROPEAN MEDIA ENT LTD,-16.1
CENTRAL FEDERAL CORP,-4.8
CENTRAL FUND CANADA LTD,1.3
CENTRAL GARDEN & PET CO,4.8
CENTRAL PACIFIC FINANCIAL CORP,41.3
CENTRAL SECURITIES CORP,-10.4
CENTRAL VALLEY COMM BANCORP,-18.1
CENTRUS ENERGY CORP,-6.1
CENTURY ALUMINUM CO,-43.2
CENTURY BANCORP INC,-16.6
CENTURY CASINOS INC,-17.0
CENTURYLINK INC,-3.3
CENVEO INC,-25.8
CERAGON NETWORKS LTD,-16.6
CERNER CORP,-3.1
CERUS CORPORATION,-7.4
CESCA THERAPEUTICS INC,-26.5
CEVA INC,-12.6
CH ROBINSON WORLDWIDE INC,-1.8
CHARLES & COLVARD LTD,-4.8
CHARLES RIVER LABS INTL INC,-15.4
CHART INDUSTRIES INC,-38.2
CHARTWELL DIVIDEND & INC FD INC,-23.1
CHASE CORP,-27.7
CHECK POINT SOFTWARE TECHS LTD,-7.1
CHEESECAKE FACTORY INC,-4.9
CHEMED CORP NEW,-6.1
CHEMICAL FINANCIAL CORP,9.0
CHENIERE ENERGY INC,-40.2
CHEROKEE INC DEL NEW,-0.2
CHESAPEAKE ENERGY CORP,-25.8
CHESAPEAKE UTILITIES CORP,10.7
CHEVRON CORP NEW,-4.4
CHICAGO BRIDGE & IRON CO N V,-39.8
CHICAGO RIVET & MACH CO,-4.0
CHICOS FAS INC,-4.7
CHILDRENS PLACE INC,-20.5
CHINA AUTOMOTIVE SYSTEMS INC,-23.1
CHINA B A K BATTERY INC,-11.3
CHINA FIN ONLINE CO LTD,-38.4
CHINA FUND INC,-7.5
CHINA LIFE INSURANCE CO LTD,-2.9
CHINA MOBILE LTD,-10.2
CHINA NATURAL RESOURCES INC,-26.7
CHINA PETRO & CHEMICAL CORP,-19.0
CHINA TECHFAITH WIRLSS COMM TECH,-34.6
CHINA YUCHAI INTERNATIONAL LTD,-25.0
CHIPOTLE MEXICAN GRILL INC,-20.0
CHOICE HOTELS INTERNATIONAL INC,0.4
CHRISTOPHER AND BANKS CORP,-19.6
CHUNGHWA TELECOM CO LTD,-4.3
CHURCH & DWIGHT INC,-0.7
CHURCHILL DOWNS INC,10.3
CIBER INC,-10.7
CIENA CORP,-42.0
CIMAREX ENERGY CO,-11.9
CIMPRESS N V,-1.2
CINCINNATI BELL INC NEW,-20.8
CINCINNATI FINANCIAL CORP,-2.7
CINTAS CORP,-6.8
CIRCOR INTERNATIONAL INC,-27.9
CIRRUS LOGIC INC,-12.2
CISCO SYSTEMS INC,-6.2
CITI TRENDS INC,-21.0
CITIGROUP INC,8.0
CITIZENS & NORTHERN CORP,15.4
CITIZENS CMNTY BANCORP INC MD,-8.9
CITIZENS COMMUNICATIONS CO,-6.5
CITIZENS FIRST CORP,-18.4
CITIZENS HOLDING CO,-16.5
CITIZENS INC,15.4
CITRIX SYSTEMS INC,-16.6
CITY HOLDING CO,1.1
CIVISTA BANCSHARES INC,-11.9
CLARCOR INC,-5.0
CLAYMORE DIVIDEND & INCOME FD,-48.3
CLAYMORE E T F TRUST,-19.1
CLAYMORE E T F TRUST,-11.5
CLAYMORE E T F TRUST,-11.3
CLAYMORE E T F TRUST,-9.5
CLAYMORE E T F TRUST,-17.5
CLAYMORE E T F TRUST,-8.5
CLAYTON WILLIAMS ENERGY INC,-12.9
CLEAN HARBORS INC,-16.7
CLEAR CHANNEL OUTDOOR HLDGS INC,-18.4
CLEVELAND BIOLABS INC,-13.6
CLEVELAND CLIFFS INC,-47.7
CLIFTON BANCORP INC,8.8
CLOROX CO,6.1
CLOUGH GLOBAL ALLOCATION FUND,-24.6
CLOUGH GLOBAL EQUITY FUND,-21.2
CLOUGH GLOBAL OPPORTUNITIES FUND,-20.5
COACH INC,-13.6
COBIZ FINANCIAL INC,11.9
COCA COLA BOTTLING CO CONS,7.6
COCA COLA CO,2.3
COCA COLA FEMSA S A B DE C V,-11.1
CODORUS VALLEY BANCORP INC,-1.4
COEUR D ALENE MINES CORP ID,-14.5
COFFEE HOLDING CO INC,19.4
COGENT COMMUNICATIONS GROUP INC,-16.2
COGENTIX MEDICAL INC,-2.4
COGNEX CORP,-0.3
COGNIZANT TECHNOLOGY SOLS CORP,-22.1
COHEN & STEERS CLOSED END OPP FD,-19.8
COHEN & STEERS INC,-1.9
COHEN & STEERS INFRA FD INC,-27.2
COHEN & STEERS QLTY INCOME RLTY,-18.5
COHEN & STEERS REIT & PFD INC FD,-30.8
COHEN & STEERS TOTAL RT RL FD IN,-14.5
COHU INC,-4.9
COLGATE PALMOLIVE CO,-0.9
COLLABRX INC,-9.8
COLLECTORS UNIVERSE INC,19.7
COLLIERS INTERNATIONAL GROUP INC,-12.7
COLONIAL CALIF INSD MUN FD,-19.1
COLONIAL HIGH INCOME MUN TR,-21.0
COLONIAL INTER HIGH INCOME FD,-23.8
COLONIAL INVESTMENT GRADE MUN TR,-19.6
COLONIAL MUNICIPAL INCOME TRUST,-17.0
COLONY BANKCORP INC,-7.8
COLUMBIA BANKING SYSTEM INC,26.6
COLUMBIA LABORATORIES INC,-28.2
COLUMBIA SPORTSWEAR COMPANY,3.9
COLUMBUS MCKINNON CORP NY,-13.6
COMCAST CORP NEW,-7.3
COMERICA INC,19.1
COMFORT SYSTEMS USA INC,-12.3
COMMERCE BANCSHARES INC,3.7
COMMERCIAL METALS CO,-35.1
COMMERCIAL VEHICLE GROUP INC,-30.6
COMMONWEALTH REIT,-9.1
COMMTOUCH SOFTWARE LTD,-19.9
COMMUNICATIONS SYSTEMS INC,5.9
COMMUNITY BANK SYSTEM INC,12.3
COMMUNITY BANKERS ACQUISITN CORP,-11.3
COMMUNITY HEALTH SYS INC NEW,-15.1
COMMUNITY PARTNERS BANCORP,-13.9
COMMUNITY TRUST BANCORP INC,3.4
COMMUNITY WEST BANCSHARES,25.9
COMMVAULT SYSTEMS INC,-28.5
COMPANHIA DE SANEAMENTO BASICO,-36.7
COMPANHIA PARANAENSE DE ENERGIA,-20.2
COMPANHIA SIDERURGICA NACIONAL,-38.7
COMPANHIA VALE DO RIO DOCE,-27.9
COMPANIA CERVECERIAS UNIDAS S A,-7.2
COMPANIA DE MINAS BV SA,1.2
COMPASS DIVERSIFIED HOLDINGS,8.6
COMPASS MINERALS INTL INC,-24.4
COMPUGEN LTD,-19.0
COMPUTER PROGRAMS & SYSTEMS INC,6.7
COMPUTER SCIENCES CORP,-14.5
COMPUTER TASK GROUP INC,-6.3
COMPX INTERNATIONAL INC,-22.8
COMSTOCK HOLDING COMPANIES INC,82.2
COMSTOCK RESOURCES INC,-22.9
COMTECH TELECOMMUNICATIONS CORP,7.7
CONAGRA BRANDS INC,-8.5
CONCURRENT COMPUTER CORP NEW,-18.2
CONDOR HOSPITALITY TRUST INC,-9.1
CONMED CORP,0.1
CONNECTICUT WATER SERVICE INC,8.4
CONNS INC,-2.1
CONOCOPHILLIPS,-11.2
CONSOL ENERGY INC,-32.2
CONSOLIDATED COMMS HLDGS INC,-0.2
CONSOLIDATED EDISON INC,5.0
CONSOLIDATED TOMOKA LAND CO,4.6
CONSOLIDATED WATER CO LTD,-25.7
CONSTELLATION BRANDS INC,1.3
CONSTELLATION BRANDS INC,1.7
CONSTELLATION ENERGY PTNRS L L C,-17.3
CONSUMER PORTFOLIO SVCS INC,7.0
CONTANGO OIL AND GAS COMPANY,-24.1
CONTINENTAL MATERIALS CORP,-1.9
CONVERGYS CORP,0.2
COOPER COMPANIES INC,-5.6
COOPER TIRE & RUBBER CO,-10.0
COPA HOLDINGS SA,-14.9
COPART INC,-13.7
CORCEPT THERAPEUTICS INC,-30.6
CORE LABORATORIES NV,-18.4
CORE MARK HOLDING CO INC,-15.3
CORE MOLDING TECHNOLOGIES INC,-17.3
CORECIVIC INC,-6.6
CORELOGIC INC,17.6
CORN PRODUCTS INTERNATIONAL INC,-27.6
CORNERSTONE STRATEGIC VAL FD INC,-44.9
CORNERSTONE TOTAL RETURN FD INC,-57.9
CORNING INC,-23.9
CORPBANCA,-11.0
CORPORATE OFFICE PROPERTIES TR,4.1
CORVEL CORP,-1.7
COSTAR GROUP INC,-14.1
COSTCO WHOLESALE CORP NEW,-3.2
COTT CORP QUEBEC,-43.2
COUSINS PROPERTIES INC,1.0
COVANTA HOLDING CORP,-13.9
COVENANT TRANSPORT INC,-34.8
CRAFT BREW ALLIANCE INC,-6.0
CRANE CO,-19.1
CRAWFORD & CO,6.4
CRAWFORD & CO,-4.3
CRAY INC,-7.7
CREDICORP LTD,-11.5
CREDIT ACCEPTANCE CORP,1.6
CREDIT SUISSE ASSET MGMT INC FD,-9.9
CREDIT SUISSE GROUP,4.1
CREDIT SUISSE HIGH YIELD BOND FD,-22.8
CREE INC,-2.3
CRESTWOOD EQUITY PARTNERS LP,-17.9
CRESUD S A C I F Y A,-4.5
CROCS INC,-13.7
CROSS COUNTRY HEALTHCARE INC,4.0
CROSS TIMBERS ROYALTY TRUST,-3.9
CROSSTEX ENERGY LP,-28.3
CROWN CASTLE INTERNATIONAL CORP,-22.5
CROWN HOLDINGS INC,-19.9
CRYOLIFE INC,-16.9
CRYSTAL ROCK HOLDINGS INC,-10.0
CTRIP COM INTL LTD,-23.2
CUBESMART,-1.8
CUBIC CORP,-11.2
CULLEN FROST BANKERS INC,7.8
CULP INC,-20.6
CUMMINS INC,-32.9
CUMULUS MEDIA INC,-9.2
CURIS INC,-33.9
CURRENCYSHARES AUSTRALIAN DLR TR,-7.5
CURRENCYSHARES BRTSH PND STLG TR,-2.0
CURRENCYSHARES CANADIAN DLR TR,0.1
CURRENCYSHARES EURO TRUST,-3.9
CURRENCYSHARES SWEDISH KRONA TR,-6.9
CURRENCYSHARES SWISS FRANC TRUST,-1.8
CURTISS WRIGHT CORP,-15.6
CUTERA INC,-5.0
CUTWATER SELECT INCOME FD,-16.3
CYANOTECH CORP,-6.9
CYBEROPTICS CORP,3.9
CYCLACEL PHARMACEUTICALS INC,-28.6
CYNOSURE INC,-27.6
CYPRESS SEMICONDUCTOR CORP,-25.5
CYTOKINETICS INC,-8.8
CYTORI THERAPEUTICS INC,-17.4
CYTRX CORP,-15.0
D A G MEDIA INC,11.3
D C A TOTAL RETURN FUND,-25.9
D C P MIDSTREAM PARTNERS LP,-30.9
D C T INDUSTRIAL TRUST INC,0.4
D D R CORP,-3.4
D H T HOLDINGS INC,-21.8
D L H HOLDINGS CORP,-11.8
D M C GLOBAL INC,-24.6
D N P SELECT INCOME FD INC,-13.9
D R HORTON INC,4.5
D S P GROUP INC,-1.3
D S T SYSTEMS INC DEL,-9.3
D S W INC,-5.7
D T E ENERGY CO,-3.6
D T F TAX FREE INCOME INC,-12.7
D W S DREMAN VALUE INC EDGE FD,-26.2
D W S GLOBAL HIGH INC FND INC,-21.6
D W S MULTI MARKET INCOME TRUST,-14.7
D W S MUNICIPAL INCOME TRUST,-17.0
D W S STRATEGIC INCOME TRUST,-11.9
D W S STRATEGIC MUNI INCOME TR,-19.7
D X P ENTERPRISES INC,-9.7
DAILY JOURNAL CORP,1.8
DAKTRONICS INC,-5.0
DANAHER CORP,-14.9
DANAOS CORP,-29.6
DARDEN RESTAURANTS INC,-2.3
DARLING INGREDIENTS INC,-19.1
DASAN ZHONE SOLUTIONS INC,-39.0
DATA I O CORP,-34.5
DATALINK CORP,-26.4
DATARAM CORP,-26.8
DATAWATCH CORP,-6.8
DAVITA HEALTHCARE PARTNERS INC,-0.7
DAWSON GEOPHYSICAL CO NEW,-25.7
DAXOR CORP,-12.6
DEAN FOODS CO NEW,-7.2
DECKERS OUTDOOR CORP,-8.5
DEERE & CO,-29.5
DELAWARE INV NAT MUNI INCOME FD,-18.0
DELAWARE INVESTMENTS DIV & INCM,-21.7
DELAWARE INVESTS COLO MUN INC FD,-11.6
DELAWARE INVTS MINN MUNI INC II,-9.8
DELCATH SYSTEMS INC,-23.0
DELEK U S HOLDINGS INC,17.3
DELTA APPAREL INC,20.1
DELTA NATURAL GAS INC,-8.5
DELTIC TIMBER CORP,3.9
DELUXE CORP,-12.8
DENBURY RESOURCES INC,-23.5
DENNYS CORP,-7.9
DENTSPLY INTERNATIONAL INC NEW,-4.1
DEPOMED INC,-16.5
DESCARTES SYSTEMS GROUP INC,9.2
DESTINATION MATERNITY CORP,-10.7
DESWELL INDUSTRIES INC,-25.4
DEUTSCHE BANK A G,-14.2
DEVON ENERGY CORP NEW,-10.5
DEVRY EDUCATION GROUP INC,-4.0
DEXCOM INC,-10.0
DIAGEO PLC,-5.4
DIAMOND HILL INVESTMENT GRP INC,-1.1
DIAMOND OFFSHORE DRILLING INC,-6.2
DIAMONDROCK HOSPITALITY CO,1.5
DIAMONDS TRUST,-5.9
DIANA SHIPPING INC,-30.6
DICKS SPORTING GOODS INC,-14.5
DIEBOLD INC,-16.5
DIFFERENTIAL BRANDS GROUP INC,-17.9
DIGI INTERNATIONAL INC,-13.6
DIGIRAD CORP,-27.8
DIGITAL POWER CORP,-25.7
DIGITAL REALTY TRUST INC,3.7
DILLARDS INC,-7.3
DIME COMMUNITY BANCSHARES,-7.3
DINEEQUITY INC,-15.1
DIODES INC,-22.4
DISCOVERY COMMUNICATIONS INC,-22.6
DISCOVERY LABORATORIES INC,-6.5
DISH NETWORK CORPORATION,-25.6
DISNEY WALT CO,-5.1
DIXIE GROUP INC,-3.8
DOCUMENT SECURITY SYSTEMS INC,-10.9
DOLBY LABORATORIES INC,-13.5
DOLLAR TREE INC,-5.2
DOMINION RESOURCES INC VA NEW,-1.7
DOMINOS PIZZA INC,-9.4
DONALDSON INC,-4.6
DONEGAL GROUP INC,0.8
DONNELLEY R R & SONS CO,-12.0
DORCHESTER MINERALS LP,-16.7
DORMAN PRODUCTS INC,-2.0
DOUGLAS EMMETT INC,-1.7
DOVER CORP,-17.9
DOVER DOWNS GAMING & ENTMT INC,-2.9
DOVER MOTORSPORTS INC,9.2
DOW CHEMICAL CO,-5.7
DR REDDYS LABORATORIES LTD,-18.4
DRDGOLD LTD,-21.9
DREW INDUSTRIES INC,6.7
DREYFUS HIGH YIELD STRATEGIES FD,-12.0
DREYFUS MUNICIPAL INCOME INC,-14.1
DREYFUS STRATEGIC MUNI BOND FUND,-14.5
DREYFUS STRATEGIC MUNICIPALS INC,-15.9
DRIL QUIP INC,-21.1
DRIVE SHACK INC,-8.5
DRYCLEAN USA INC,6.7
DRYSHIPS INC,-51.7
DU PONT E I DE NEMOURS & CO,-9.3
DUCOMMUN INC DE,-9.8
DUFF & PHELPS UT & CORP BD TR IN,-6.9
DUKE ENERGY CORP NEW,-0.1
DUKE REALTY CORP,-1.8
DUN & BRADSTREET CORP DEL NEW,2.6
DURECT CORP,5.7
DYCOM INDUSTRIES INC,-18.8
DYNATRONICS CORP,-29.4
DYNAVAX TECHNOLOGIES CORP,-13.4
DYNEX CAPITAL INC,-1.1
E COM VENTURES INC,-61.1
E FUTURE HOLDING INC,-36.8
E M C INSURANCE GROUP INC,22.1
E N I SPA,-15.7
E P R PROPERTIES,2.4
E Q T CORP,-26.5
E S C O TECHNOLOGIES INC,1.2
E TRADE FINANCIAL CORP,-12.5
E V ENERGY PARTNERS L P,-27.5
E X C O RESOURCES INC,-38.4
E X F O INC,-22.4
EAGLE BANCORP INC,10.8
EAGLE BULK SHIPPING INC,-47.3
EAGLE MATERIALS INC,-26.7
EARTHLINK HOLDINGS CORP,-8.8
EAST WEST BANCORP INC,9.9
EASTERN CO,-7.8
EASTERN VIRGINIA BANKSHARES INC,-19.1
EASTGROUP PROPERTIES INC,10.3
EASTMAN CHEMICAL CO,-8.0
EATON CORP,-23.2
EATON VANCE CA MUNI BD FD II,-20.7
EATON VANCE CA MUNICIPAL BD FD,-16.5
EATON VANCE CALIF MUN INC TR,-23.9
EATON VANCE CORP,-1.3
EATON VANCE ENHANC EQU INC FD II,-12.5
EATON VANCE ENHANCED EQU INC FD,-16.9
EATON VANCE FLOATING RATE INC TR,-17.0
EATON VANCE INS MA MUN BD FD,-6.2
EATON VANCE INS MI MUN BD FD,-19.1
EATON VANCE INS NJ MUN BD FD,-20.4
EATON VANCE INS NY MUN BD FD II,-17.3
EATON VANCE INS OH MUN BD FD,-10.0
EATON VANCE INS PA MUN BD FD,-3.0
EATON VANCE INSD MUNI BD FD,-15.2
EATON VANCE INSD NY MUNI BD FD,-20.0
EATON VANCE INSURED MUNI BD FD 2,-12.3
EATON VANCE LTD DURATION INC F,-19.0
EATON VANCE MASS MUN INC TR,-6.9
EATON VANCE MICHIGAN MUN INC TR,-5.9
EATON VANCE MUNICIPAL INCOME TR,-8.5
EATON VANCE NEW JERSEY MUN INC T,-15.4
EATON VANCE NEW YORK MUN INC TR,-20.9
EATON VANCE OHIO MUN INC TR,-13.9
EATON VANCE PENN MUN INC TR,-9.0
EATON VANCE SENIOR FLTG RATE TR,-18.4
EATON VANCE SENIOR INCOME TR,-19.4
EATON VANCE SHORT DUR DIV INC FD,-15.7
EATON VANCE TAX ADV GLOB DIV INC,-25.4
EATON VANCE TAX ADV GLOB DIV OPP,-26.1
EATON VANCE TAX ADVAN DIV IN FD,-24.8
EATON VANCE TAX MAN BUY WR OPP F,-21.7
EATON VANCE TAX MAN DIV EQ IN FD,-15.4
EATON VANCE TAX MAN GLBL BUY WR,-17.8
EATON VANCE TAX MNGD BUY WR INC,-14.6
EBAY INC,-10.2
EBIX INC,-14.2
ECHELON CORP,-24.1
ECOLAB INC,6.4
ECOLOGY & ENVIRONMENT INC,7.6
EDAP T M S S A,-28.3
EDGEWATER TECHNOLOGY INC,-1.8
EDGEWELL PERSONAL CARE CO,-5.2
EDISON INTERNATIONAL,-12.4
EDUCATION REALTY TRUST INC,1.1
EDUCATIONAL DEVELOPMENT CORP,-8.8
EDWARDS LIFESCIENCES CORP,-2.4
EHEALTH INC,7.8
EL PASO ELECTRIC CO,-1.4
ELBIT IMAGING LTD,-33.1
ELBIT SYSTEMS LTD,-6.3
ELDORADO GOLD CORP NEW,-21.1
ELECTRO OPTICAL SCIENCES INC,-29.6
ELECTRO SCIENTIFIC INDS INC,-0.5
ELECTRO SENSORS INC,-15.7
ELECTRONIC ARTS INC,-24.2
ELECTRONICS FOR IMAGING INC,-16.0
ELIXIR GAMING TECHNOLOGIES INC,-21.4
ELLIS PERRY INTERNATIONAL INC,-12.6
ELLSWORTH FUND LTD,-26.4
ELMIRA SAVINGS BANK FSB NY,-9.4
ELOYALTY CORP,1.4
ELTEK LTD,-4.7
EMBOTELLADORA ANDINA S A,-21.2
EMBOTELLADORA ANDINA S A,-20.5
EMBRAER EMPRESA BRAS DE AERO S A,-19.6
EMCOR GROUP INC,-22.7
EMCORE CORP,-20.2
EMERGENT BIOSOLUTIONS INC,-5.6
EMERSON ELECTRIC CO,-12.8
EMERSON RADIO CORP,-18.1
EMMIS COMMUNICATIONS CORP,-55.7
EMPIRE DISTRICT ELEC CO,1.2
EMPIRE RESORTS INC,-35.4
EMPRESA NACIONAL DE ELECT CHILE,-2.2
ENBRIDGE ENERGY MGMT L L C,-17.2
ENBRIDGE ENERGY PARTNERS LP,-18.0
ENBRIDGE INC,-9.2
ENCANA CORP,-11.7
ENCORE CAPITAL GROUP INC,7.9
ENCORE WIRE CORP,-5.0
ENDO HEALTH SOLUTIONS INC,-12.0
ENDOLOGIX INC,-23.5
ENDURANCE SPECIALTY HOLDINGS LTD,-4.4
ENEL AMERICAS S A,-4.8
ENERGEN CORP,-18.9
ENERGY INC,-13.7
ENERGY INCOME & GROWTH FUND,-18.9
ENERGY TRANSFER EQUITY L P,-24.6
ENERGY TRANSFER PARTNERS L P,-17.2
ENERPLUS CORP,-13.1
ENERSYS,-29.9
ENGLOBAL CORP,-23.3
ENNIS INC,-6.4
ENPRO INDUSTRIES INC,-11.8
ENTEGRIS INC,-21.4
ENTERCOM COMMUNICATIONS CORP,-16.2
ENTERGY CORP NEW,-13.9
ENTERPRISE BANCORP INC,5.3
ENTERPRISE FINANCIAL SVCS CORP,20.5
ENTERPRISE PRODUCTS PARTNERS LP,-12.5
ENTRAVISION COMMUNICATIONS CORP,-15.9
ENTREE GOLD INC,-32.5
ENVOY CAPITAL GROUP INC,-5.6
ENZO BIOCHEM INC,-15.2
EOG RESOURCES INC,-14.3
EON COMMUNICATIONS CORP,-44.9
EQUIFAX INC,-2.5
EQUINIX INC,-13.7
EQUITY LIFESTYLE PROPERTIES INC,7.1
EQUITY ONE INC,-1.0
EQUITY RESIDENTIAL,6.4
EQUUS TOTAL RETURN INC,-15.1
ERICSSON,-17.4
ERIE INDEMNITY CO,-8.6
ESCALADE INC,1.7
ESPEY MANUFACTURING & ELCTRS COR,-13.2
ESSENDANT INC,-3.5
ESSEX PROPERTY TRUST INC,1.7
ESTERLINE TECHNOLOGIES CORP,-29.9
ETHAN ALLEN INTERIORS INC,3.2
EURO TECH HOLDINGS CO LTD,-30.8
EURONET WORLDWIDE INC,-11.0
EUROPEAN EQUITY FUND INC,-21.9
EVANS BANCORP INC,4.2
EVERCORE PARTNERS INC,35.6
EVEREST RE GROUP LTD,5.4
EVERGREEN INCOME ADV FUND,-24.1
EVERGREEN MANAGED INCOME FUND,-14.1
EVERGREEN UTILS & HIGH INC FUND,-27.5
EVERI HOLDINGS INC,-15.5
EVERSOURCE ENERGY,-4.6
EVINE LIVE INC,-20.9
EVOLUTION PETROLEUM CORP,-16.2
EVOLVING SYSTEMS INC,-16.8
EXACT SCIENCES CORP,-18.7
EXACTECH INC,-14.0
EXAR CORP,-1.0
EXCHANGE NATIONAL BANCSHARES INC,0.7
EXELIXIS INC,6.9
EXELON CORP,-17.6
EXETER RESOURCES CORP,-29.3
EXLSERVICE HOLDINGS INC,-19.4
EXPEDIA INC DE,-14.4
EXPEDITORS INTERNATIONAL WA INC,-3.5
EXPONENT INC,7.6
EXPRESS 1 EXPEDITED SOLUTION INC,-13.4
EXPRESS SCRIPTS HOLDING CO,0.6
EXTRA SPACE STORAGE INC,-0.9
EXTREME NETWORKS INC,-3.7
EXXON MOBIL CORP,-2.9
EZCORP INC,20.6
F 5 NETWORKS INC,-31.5
F B L FINANCIAL GROUP INC,22.1
F M C CORP,-29.9
F M C TECHNOLOGIES INC,-13.1
F N B CORP PA,36.2
F P L GROUP INC,-16.3
F R P HOLDINGS INC,-0.1
F T I CONSULTING INC,-1.6
FACTSET RESEARCH SYSTEMS INC,-16.7
FAIR ISAAC CORP,-0.1
FALCONSTOR SOFTWARE INC,-28.7
FAMOUS DAVES OF AMERICA,-35.4
FARMER BROTHERS CO,-4.6
FARMERS CAPITAL BANK CORP,-9.5
FARO TECHNOLOGIES INC,-13.8
FASTENAL COMPANY,-4.9
FEDERAL AGRICULTURAL MORT CORP,-85.7
FEDERAL REALTY INVESTMENT TRUST,13.7
FEDERAL SIGNAL CORP,-14.2
FEDERATED DEPT STORES INC DEL,-13.0
FEDERATED INVESTORS INC PA,-5.5
FEDERATED PREMIER INT MUN INC FD,-14.9
FEDERATED PREMIER MUN INC FD,-22.6
FEDEX CORP,-4.4
FELCOR LODGING TRUST INC,-10.6
FERRELLGAS PARTNERS L P,-9.2
FERRO CORP,-8.8
FIDELITY COMMONWEALTH TRUST,-10.7
FIDELITY NATIONAL FINL INC NEW,6.9
FIDELITY NATIONAL INFO SVCS INC,-15.3
FIDELITY SOUTHERN CORP NEW,12.4
FIDUCIARY CLAYMORE M L P OPP FD,-12.3
FIELDPOINT PETROLEUM CORP,-38.2
FIFTH & PACIFIC COMPANIES INC,1.4
FIFTH THIRD BANCORP,-23.6
FINANCIAL INSTITUTIONS INC,14.7
FINISAR CORP,-30.3
FINISH LINE INC,-17.4
FIRST ACCEPTANCE CORP,3.7
FIRST BANCORP INC ME,7.9
FIRST BANCORP NC,15.3
FIRST BANCORP P R,17.8
FIRST BUSEY CORP,29.4
FIRST BUSINESS FINL SVCS INC,-3.1
FIRST CAPITAL INC,-5.8
FIRST CASH FINANCIAL SVCS INC,-19.1
FIRST CITIZENS BANCSHARES INC NC,20.8
FIRST COMMONWEALTH FINANCIAL COR,19.3
FIRST COMMUNITY BANCORP,26.1
FIRST COMMUNITY BANCSHARES INC,18.4
FIRST COMMUNITY CORP SC,-8.1
FIRST DEFIANCE FINANCIAL CORP,-32.8
FIRST FINANCIAL BANCORP OHIO,13.4
FIRST FINANCIAL BANKSHARES INC,6.4
FIRST FINANCIAL CORP IN,13.3
FIRST FINANCIAL HOLDINGS INC NEW,11.1
FIRST HORIZON NATIONAL CORP,-14.1
FIRST INDUSTRIAL REALTY TR INC,24.6
FIRST LONG ISLAND CORP,7.4
FIRST MERCHANTS CORP,19.4
FIRST MIDWEST BANCORP DE,9.7
FIRST POTOMAC REALTY TRUST,3.5
FIRST SOLAR INC,-31.7
FIRST SOUTH BANCORP INC,-2.3
FIRST TR FIDUC ASS MGMT COV CALL,-13.5
FIRST TRUST ABERDEEN EMERG OP FD,-23.8
FIRST TRUST ABERDEEN GLB OPP INC,-19.9
FIRST TRUST E T F,-16.3
FIRST TRUST EXCHANGE TRADED FUND,-4.0
FIRST TRUST EXCHANGE TRADED FUND,-6.4
FIRST TRUST EXCHANGE TRADED FUND,0.7
FIRST TRUST EXCHANGE TRADED FUND,-11.7
FIRST TRUST EXCHANGE TRADED FUND,-16.1
FIRST TRUST EXCHANGE TRADED FUND,-6.3
FIRST TRUST EXCHANGE TRADED FUND,-14.3
FIRST TRUST EXCHANGE TRADED FUND,-11.8
FIRST TRUST EXCHANGE TRADED FUND,-11.4
FIRST TRUST FIDAC MTG INCOME FD,-8.3
FIRST TRUST FOUR CNRS SR FLTG II,-21.1
FIRST TRUST STRAT HIGH INC FD II,-26.0
FIRST TRUST VALUE LINE 100 ETF,-14.5
FIRST U S BANCSHARES INC,13.7
FIRST UNITED CORP,-0.9
FIRSTENERGY CORP,-7.8
FISERV INC,-8.8
FIVE STAR QUALITY CARE INC,-6.7
FLAGSTAR BANCORP INC,-32.7
FLAHERTY & CRUMRINE CLAYMORE PFD,-42.2
FLAHERTY & CRUMRINE CLAYMORE TOT,-40.3
FLAHERTY & CRUMRINE PFD INC FD,-38.6
FLAHERTY & CRUMRINE PFD INC OPP,-42.3
FLAMEL TECHNOLOGIES SA,-11.6
FLEX LTD,-20.6
FLEXIBLE SOLUTIONS INTL INC,-33.5
FLEXSTEEL INDUSTRIES INC,-8.6
FLIR SYSTEMS INC,7.6
FLOTEK INDUSTRIES INC,-34.7
FLOWERS FOODS INC,11.6
FLOWSERVE CORP,-32.6
FLUOR CORP NEW,-30.3
FLUSHING FINANCIAL CORP,1.4
FONAR CORP,-24.4
FOOT LOCKER INC,-0.8
FORD MOTOR CO DEL,16.6
FOREST CITY ENTERPRISES INC,6.6
FOREST CITY ENTERPRISES INC,7.9
FORMFACTOR INC,-9.2
FORMULA SYSTEMS LTD,2.5
FORRESTER RESEARCH INC,-15.3
FORWARD AIR CORP,-22.8
FORWARD INDUSTRIES INC NY,-18.3
FOSSIL GROUP INC,-5.6
FOSTER L B CO,-21.1
FRANCE TELECOM,-1.8
FRANKLIN COVEY CO,-19.0
FRANKLIN ELECTRIC INC,2.9
FRANKLIN LIMITED DURATION INC TR,-21.5
FRANKLIN RESOURCES INC,-15.7
FRANKLIN STREET PROPERTIES CORP,2.1
FRANKLIN UNIVERSAL TRUST,-15.0
FREDS INC,1.6
FREEPORT MCMORAN COPPER & GOLD,-36.4
FREIGHTCAR AMERICA INC,-20.8
FREQUENCY ELECTRONICS INC,-7.4
FRESENIUS MED CARE AG & CO KGAA,-3.0
FRESH DEL MONTE PRODUCE INC,-4.4
FRIEDMAN INDUSTRIES INC,-29.3
FRONTLINE LTD,-15.5
FUEL TECH INC,-1.4
FUELCELL ENERGY INC,-13.1
FULL HOUSE RESORTS INC,-9.4
FULLER H B CO,-19.9
FULTON FINANCIAL CORP PA,3.8
FUWEI FILMS HOLDINGS CO LTD,-32.0
G & K SERVICES INC,-4.0
G A T X CORP,-9.1
G E E GROUP INC,-25.0
G III APPAREL GROUP INC,1.1
G P STRATEGIES CORP,-16.8
G S E SYSTEMS INC,-13.0
G T X INC,7.4
GABELLI CONV & INC SECS FUND INC,-10.0
GABELLI DIVIDEND & INCOME TRUST,-20.3
GABELLI EQUITY TRUST INC,-12.9
GABELLI GLBL GLD NAT RES & INC T,-20.9
GABELLI GLOBAL MULTIMEDIA TR INC,-22.6
GABELLI GLOBAL UTIL & INCOME TR,-13.4
GABELLI UTILITY TRUST,-2.2
GAIA INC,-16.7
GALLAGHER ARTHUR J & CO,-1.9
GAMCO INVESTORS INC,25.2
GAMESTOP CORP NEW,-22.0
GAMING PARTNERS INTL CORP,4.0
GANNETT CO INC,-2.7
GAP INC,-8.6
GARMIN LTD,-2.4
GARTNER INC,-14.1
GASTAR EXPLORATION INC,-26.6
GAYLORD ENTERTAINMENT CO NEW,-15.2
GENERAL AMERICAN INVESTORS INC,-16.0
GENERAL CABLE CORP DEL NEW,-27.6
GENERAL COMMUNICATION INC,-8.7
GENERAL DYNAMICS CORP,-20.2
GENERAL ELECTRIC CO,-8.1
GENERAL FINANCE CORP,-10.4
GENERAL MILLS INC,3.8
GENERAL MOLY INC,-36.2
GENESCO INC,-8.5
GENESEE & WYOMING INC,-12.8
GENESIS ENERGY L P,-21.5
GENOMIC HEALTH INC,1.3
GENTEX CORP,-10.2
GENUINE PARTS CO,-4.3
GENVEC INC,-11.7
GENWORTH FINANCIAL INC,-46.4
GEO GROUP INC,-8.7
GEOSPACE TECHNOLOGIES CORP,-19.9
GERMAN AMERICAN BANCORP INC,-11.1
GERON CORP,-13.9
GETTY REALTY CORP NEW,8.2
GIBRALTAR INDUSTRIES INC,-12.8
GIGA TRONICS INC,-26.7
GIGAMEDIA LIMITED,-36.8
GILAT SATELLITE NETWORKS LTD,-23.0
GILDAN ACTIVEWEAR INC,-2.5
GILEAD SCIENCES INC,-13.4
GLACIER BANCORP INC NEW,16.2
GLADSTONE CAPITAL CORP,-1.8
GLADSTONE COMMERCIAL CORP,0.2
GLADSTONE INVESTMENT CORP,-4.3
GLATFELTER P H CO,-7.7
GLAXOSMITHKLINE PLC,-7.5
GLEN BURNIE BANCORP,-16.0
GLOBAL INDEMNITY LTD,-5.6
GLOBAL PARTNERS LP,-23.7
GLOBAL PAYMENTS INC,-6.9
GLOBAL SHIP LEASE INC,-7.3
GLOBAL SOURCES LTD BERMUDA,-5.6
GOLAR L N G LTD,-17.2
GOLD FIELDS LTD NEW,5.4
GOLDCORP INC NEW,-6.7
GOLDEN ENTERTAINMENT INC,0.5
GOLDEN OCEAN GROUP LTD,-8.7
GOLDEN STAR RESOURCES LTD,-0.7
GOLDFIELD CORP,-34.4
GOLDMAN SACHS GROUP INC,-21.9
GOLF TRUST OF AMERICA INC,-10.8
GOOD TIMES RESTAURANTS INC,-12.6
GOODYEAR TIRE & RUBBER CO,-21.9
GORMAN RUPP CO,-6.2
GRACE W R & CO DEL NEW,-42.5
GRACO INC,-6.7
GRAHAM CORP,-42.0
GRAHAM HOLDINGS CO,-6.7
GRAINGER W W INC,-3.4
GRANITE CONSTRUCTION INC,-2.0
GRANITE REAL ESTATE INC,-14.9
GRAPHIC PACKAGING CORP DEL,-12.3
GRAVITY CO LTD,-23.8
GRAY TELEVISION INC,-0.6
GRAY TELEVISION INC,-28.9
GREAT LAKES DREDGE & DOCK CORP,-15.5
GREAT PLAINS ENERGY INC,-5.2
GREAT SOUTHERN BANCORP INC,24.7
GREATBATCH INC,0.5
GREEN PLAINS INC,-23.9
GREENBRIER COMPANIES INC,-2.7
GREENE COUNTY BANCORP INC,-6.0
GREENHILL & CO INC,11.6
GREENVILLE FIRST BANCSHARES INC,1.2
GREIF INC,-4.5
GREIF INC,-13.0
GRIFFIN INDUSTRIAL REALTY INC,7.5
GRIFFON CORP,-15.8
GROUP 1 AUTOMOTIVE INC,2.7
GROUPE C G I INC,-17.4
GRUPO AEROPORTUARIO DEL CENTRO N,-20.4
GRUPO AEROPORTUARIO DEL PAC SA,-10.3
GRUPO AEROPORTUARIO DEL SUR S A,4.5
GRUPO FINANCIERO GALICIA S A,-2.7
GRUPO SIMEC S A B DE C V,-33.2
GRUPO TELEVISA SA,-5.7
GUANGSHEN RAILWAY LTD,8.0
GUARANTY FEDERAL BANCSHARES INC,-19.3
GUESS INC,-6.4
GUGGENHEIM ENHANCED EQTY INC FD,-17.1
GUIDANCE SOFTWARE INC,-26.4
GULF ISLAND FABRICATION INC,-20.0
GULFMARK OFFSHORE INC,-10.4
GULFPORT ENERGY CORP,-24.7
H & E EQUIPMENT SERVICES INC,-31.5
H & Q HEALTHCARE INVESTORS,-12.1
H & Q LIFE SCIENCES INVESTORS,-10.8
H C P INC,10.8
H D F C BANK LTD,-6.1
H M G COURTLAND PROPERTIES LTD,-30.1
H M N FINANCIAL INC,-10.0
H M S HOLDINGS CORP,-3.3
H N I CORP,9.5
H P INC,-1.3
H R G GROUP INC,-1.7
H S B C HOLDINGS PLC,2.7
H S W INTERNATIONAL INC,-11.9
HAEMONETICS CORP MASS,-1.6
HAIN CELESTIAL GROUP INC,5.9
HALCON RESOURCES CORP,-36.8
HALLIBURTON COMPANY,-26.3
HALLMARK FINANCIAL SERVICES INC,-1.5
HALOZYME THERAPEUTICS INC,-5.9
HAMPTON ROADS BANKSHARES INC,-12.6
HANCOCK HOLDING CO,4.5
HANCOCK JOHN BK & THRIFT OPPT FD,2.4
HANCOCK JOHN INCOME SECS TR,-13.1
HANCOCK JOHN INVS TR,-11.2
HANCOCK JOHN PATR PR DIV FD II,-19.5
HANCOCK JOHN PFD INCOME FD,-33.1
HANCOCK JOHN PFD INCOME FD III,-39.7
HANESBRANDS INC,-8.8
HANMI FINANCIAL CORP,-1.2
HANOVER CAPITAL MTG HLDGS INC,23.1
HANOVER INSURANCE GROUP INC,-3.6
HANSEN NATURAL CORP,10.1
HANWHA Q CELLS CO LTD,-33.4
HARDINGE INC,-21.3
HARLEY DAVIDSON INC,-5.4
HARMAN INTL INDS INC NEW,0.1
HARMONIC INC,-4.0
HARMONY GOLD MINING CO LTD,11.1
HARRIS & HARRIS GROUP INC,-12.8
HARRIS CORP,-11.4
HARSCO CORP,-29.4
HARTE HANKS INC,-15.4
HARTFORD FINANCIAL SVCS GRP INC,-35.0
HARVARD BIOSCIENCE INC,1.5
HARVEST NATURAL RESOURCES INC,-8.7
HASBRO INC,-7.2
HAVERTY FURNITURE COS INC,3.6
HAWAIIAN ELECTRIC INDUSTRIES INC,10.1
HAWAIIAN HOLDINGS INC,2.8
HAWKINS INC,12.4
HEADWATERS INC,-13.3
HEALTH CARE REIT INC,2.6
HEALTHCARE ACQUISITION CORP,-17.2
HEALTHCARE REALTY TRUST INC,1.7
HEALTHCARE SERVICES GROUP INC,-6.1
HEALTHSOUTH CORP,2.4
HEALTHSTREAM INC,-14.3
HEALTHWAYS INC,-15.1
HEARTLAND EXPRESS INC,-5.9
HEARTLAND FINANCIAL USA INC,16.4
HECLA MINING CO,-33.3
HEICO CORP NEW,-7.9
HEICO CORP NEW,-2.6
HEIDRICK & STRUGGLES INTL INC,-0.7
HELEN OF TROY LTD,-5.3
HELIOS & MATHESON ANALYTICS INC,20.5
HELIX ENERGY SOLUTIONS GROUP INC,-21.1
HELMERICH & PAYNE INC,-24.4
HEMISPHERX BIOPHARMA INC,-46.2
HENRY JACK & ASSOC INC,1.9
HERBALIFE LTD,-16.1
HERC HOLDINGS INC,-20.4
HERCULES CAPITAL INC,-6.8
HERITAGE COMMERCE CORP,26.6
HERITAGE FINANCIAL CORP WA,-11.7
HERITAGE OAKS BANCORP,-6.7
HERSHA HOSPITALITY TRUST,5.2
HERSHEY CO,9.6
HERZFELD CARIBBEAN BASIN FD INC,-23.9
HESKA CORP,-32.3
HESS CORP,-21.5
HEXCEL CORP NEW,-34.1
HIBBETT SPORTING GOODS INC,-16.2
HIGHLAND CREDIT STRATEGIES FUND,-19.6
HIGHWAY HOLDINGS LTD,-17.9
HIGHWOODS PROPERTIES INC,-2.0
HILL INTERNATIONAL INC,-28.1
HILL ROM HOLDINGS INC,1.6
HIMAX TECHNOLOGIES INC,-17.4
HINGHAM INSTITUTION FOR SVGS MA,-10.0
HOLLY CORP,-9.2
HOLLY ENERGY PARTNERS L P,-10.9
HOLOGIC INC,-8.9
HOME BANCSHARES INC,7.7
HOME DEPOT INC,-3.7
HONDA MOTOR LTD,-6.8
HONEYWELL INTERNATIONAL INC,-17.2
HOOKER FURNITURE CORP,5.4
HOOPER HOLMES INC,-15.0
HOPFED BANCORP INC,-3.6
HORACE MANN EDUCATORS CORP NEW,-12.9
HORIZON BANCORP IND,0.9
HORMEL FOODS CORP,1.7
HORNBECK OFFSHORE SVCS INC NEW,-12.3
HOSPITALITY PROPERTIES TRUST,-9.5
HOST HOTELS & RESORTS INC,-5.7
HOUSTON AMERICAN ENERGY CORP,-25.8
HOUSTON WIRE & CABLE CO,1.8
HOVNANIAN ENTERPRISES INC,11.9
HUANENG POWER INTERNATIONAL INC,-11.3
HUB GROUP INC,-5.7
HUBBELL INC,-18.6
HUDSON GLOBAL INC,-24.5
HUDSON TECHNOLOGIES INC,-35.9
HUGOTON ROYALTY TRUST,-12.1
HUMANA INC,-11.2
HUNT J B TRANSPORT SERVICES INC,-8.4
HUNTINGTON BANCSHARES INC,11.0
HUNTSMAN CORP,-2.7
HURCO COMPANY,-8.8
HURON CONSULTING GROUP INC,-11.6
HYDROGENICS CORP,-37.5
I C F INTERNATIONAL INC NEW,6.7
I C I C I BANK LTD,-24.2
I C O GLOBAL COMMS HLDGS LTD DE,-62.8
I C U MEDICAL INC,0.1
I D E X X LABORATORIES INC,-2.7
I D SYSTEMS INC,-1.6
I D T CORP,-52.3
I E S HOLDINGS INC,-18.0
I G I INC,-28.6
I N G GLOBAL ADV & PREM OPP FUND,-18.0
I N G GLOBAL EQU DIV & PREM OPP,-18.1
I N G GROEP N V,-31.3
I N G PRIME RATE TRUST,-19.0
I N G RISK MANAGED NATUR RES FD,-12.7
I P G PHOTONICS CORP,-4.2
I R S A INVERSIONES Y REP S A,-20.4
I T T CORP,-12.8
I X Y S CORP DEL,-28.6
IAC INTERACTIVECORP,4.2
IAMGOLD CORP,-13.8
IBERIABANK CORP,-1.9
ICAD INC,-25.5
ICON PLC,-6.1
ICONIX BRAND GROUP INC,1.2
IDACORP INC,-2.4
IDENTIVE GROUP INC,-6.0
IDERA PHARMACEUTICALS INC,-3.8
IDEX CORP,-16.3
II VI INC,-12.0
IKONICS CORP,-10.5
ILLINOIS TOOL WORKS INC,-9.8
ILLUMINA INC,-5.9
IMAGE SENSING SYSTEMS INC,-15.8
IMATION CORP,7.1
IMAX CORP,-18.1
IMMERSION CORP,-12.5
IMMUCELL CORP,0.0
IMMUNOGEN INC,-8.7
IMMUNOMEDICS INC,-17.6
IMPERIAL OIL LTD,-16.7
INCOME OPPORTUNITY RLTY INVS INC,-16.7
INCREDIMAIL LTD,-8.2
INCYTE CORP,-25.2
INDEPENDENCE HOLDING CO NEW,-12.1
INDEPENDENT BANK CORP MA,13.3
INDEPENDENT BANK CORP MICH,-16.5
INDIA FUND INC,-12.3
INDUSTRIAL SERVICES OF AM INC,-40.8
INDUSTRIAS BACHOCO S A B DE C V,-18.2
INFINITY PHARMACEUTICALS INC,5.2
INFINITY PROPERTY & CASUALTY COR,-11.4
INFOSONICS CORP,-15.0
INFOSYS LTD,-19.3
INGERSOLL RAND CO LTD,-15.6
INGLES MARKETS INC,-7.6
INNERWORKINGS INC,-6.5
INNODATA INC,-9.4
INNOPHOS HOLDINGS INC,-35.0
INNOSPEC INC,-23.1
INNOVATIVE SOLUTIONS & SUPRT INC,7.7
INNSUITES HOSPITALITY TRUST,-10.2
INOVIO BIOMEDICAL CORP,-35.4
INPUT OUTPUT INC,-12.0
INSEEGO CORP,-2.7
INSIGHT ENTERPRISES INC,-19.4
INSIGNIA SYSTEMS INC,-7.5
INSMED INC,6.2
INSTEEL INDUSTRIES INC,-17.4
INSURED MUNICIPAL INCOME FUND,-15.8
INSWEB CORP,-12.2
INTEGRA LIFESCIENCES HLDNGS CORP,-9.2
INTEGRATED DEVICE TECHNOLOGY,-26.5
INTEL CORP,-18.1
INTELLI CHECK INC,-24.4
INTELLIGENT SYSTEMS CORP NEW,-34.7
INTERCONTINENTAL HOTELS GRP PLC,-8.5
INTERCONTINENTALEXCHANGE GRP INC,-8.3
INTERDIGITAL COMMUNICATIONS CORP,-9.4
INTERFACE INC,-13.7
INTERGROUP CORP,0.3
INTERMEDIATE PARFUMS INC,-4.2
INTERNAP CORP,12.6
INTERNATIONAL ASSETS HLDG CORP,-15.1
INTERNATIONAL BANCSHARES CORP,5.8
INTERNATIONAL BUSINESS MACHS COR,-3.9
INTERNATIONAL FLAVORS & FRAG INC,-1.2
INTERNATIONAL PAPER CO,-3.2
INTERNATIONAL SPEEDWAY CORP,-1.9
INTERNET GOLD GOLDEN LINES LTD,-16.7
INTERNET INITIATIVE JAPAN INC,-9.0
INTEROIL CORP,-11.4
INTERPACE DIAGNOSTICS GROUP INC,6.6
INTERPUBLIC GROUP COS INC,-17.6
INTERSECTIONS INC,-24.2
INTERSIL CORP,-29.2
INTEST CORP,-22.2
INTEVAC INC,4.5
INTRICON CORP,-32.4
INTUIT INC,5.1
INTUITIVE SURGICAL INC,-18.4
INUVO INC,-61.5
INVACARE CORP,-5.1
INVENTURE FOODS INC,-19.8
INVESCO ADVANTAGE MUN INC TR II,-14.2
INVESCO BOND FUND,-10.2
INVESCO CALIFORNIA VL MUNI IN TR,-18.2
INVESCO HIGH INCOME TRUST II,-23.6
INVESCO INSURED MUNI INCOME TR,-14.1
INVESCO MUNICIPAL INCOME OPP TR,-16.3
INVESCO MUNICIPAL OPRTY TRUST,-18.9
INVESCO MUNICIPAL TRUST,-21.4
INVESCO PA VALUE MUNICIPAL IN TR,-8.7
INVESCO QUALITY MUNI INCOME TR,-18.5
INVESCO SENIOR INCOME TRUST,-23.9
INVESCO TRUST INVEST GR NY MUN,-21.7
INVESCO TRUST INVESTMENT GR MUNS,-14.4
INVESTMENT TECHNOLOGY GP INC NEW,-4.9
INVESTORS BANCORP INC,2.9
INVESTORS REAL ESTATE TRUST,8.3
INVESTORS TITLE CO,0.8
IONIS PHARMACEUTICALS INC,-4.5
IPASS INC,-4.8
IRIDEX CORP,-15.6
IROBOT CORP,5.9
IRON MOUNTAIN INC,-15.6
ISHARES GSCI COMMODITY INDEX TR,-10.4
ISHARES INC,-13.8
ISHARES INC,-26.0
ISHARES INC,-21.1
ISHARES INC,-13.3
ISHARES INC,-12.3
ISHARES INC,-12.8
ISHARES INC,-16.7
ISHARES INC,-13.3
ISHARES INC,-8.2
ISHARES INC,-15.9
ISHARES INC,-7.1
ISHARES INC,-13.4
ISHARES INC,-16.9
ISHARES INC,-10.6
ISHARES INC,-7.0
ISHARES INC,-6.6
ISHARES INC,-8.2
ISHARES INC,-17.1
ISHARES INC,-23.3
ISHARES INC,-12.7
ISHARES INC,-10.9
ISHARES TRUST,-8.9
ISHARES TRUST,-9.8
ISHARES TRUST,-7.4
ISHARES TRUST,-10.8
ISHARES TRUST,-7.4
ISHARES TRUST,-10.9
ISHARES TRUST,-9.3
ISHARES TRUST,-7.7
ISHARES TRUST,-8.1
ISHARES TRUST,-14.0
ISHARES TRUST,-13.4
ISHARES TRUST,-3.2
ISHARES TRUST,-6.6
ISHARES TRUST,-8.6
ISHARES TRUST,-13.1
ISHARES TRUST,-1.1
ISHARES TRUST,-13.2
ISHARES TRUST,-6.5
ISHARES TRUST,-0.8
ISHARES TRUST,-12.7
ISHARES TRUST,-2.5
ISHARES TRUST,-23.0
ISHARES TRUST,-9.7
ISHARES TRUST,-13.3
ISHARES TRUST,-3.2
ISHARES TRUST,-11.3
ISHARES TRUST,-7.2
ISHARES TRUST,-11.6
ISHARES TRUST,-8.0
ISHARES TRUST,-12.4
ISHARES TRUST,-4.8
ISHARES TRUST,-7.3
ISHARES TRUST,-7.8
ISHARES TRUST,-5.3
ISHARES TRUST,-1.5
ISHARES TRUST,-14.2
ISHARES TRUST,-8.9
ISHARES TRUST,-15.3
ISHARES TRUST,-13.0
ISHARES TRUST,-10.7
ISHARES TRUST,-17.4
ISHARES TRUST,-21.0
ISHARES TRUST,-11.4
ISHARES TRUST,-16.1
ISHARES TRUST,-6.6
ISHARES TRUST,-17.4
ISHARES TRUST,-9.3
ISHARES TRUST,-14.4
ISHARES TRUST,-6.9
ISHARES TRUST,-6.6
ISHARES TRUST,-13.3
ISHARES TRUST,-10.7
ISHARES TRUST,1.5
ISHARES TRUST,-0.1
ISHARES TRUST,0.8
ISHARES TRUST,-14.7
ISHARES TRUST,-1.8
ISHARES TRUST,-9.7
ISHARES TRUST,1.0
ISHARES TRUST,-4.0
ISHARES TRUST,-9.2
ISHARES TRUST,-12.4
ISHARES TRUST,-8.4
ISHARES TRUST,-5.5
ISHARES TRUST,-12.7
ISHARES TRUST,-16.1
ISHARES TRUST,-7.4
ISHARES TRUST,-10.7
ISHARES TRUST,-11.8
ISHARES TRUST,-3.2
ISHARES TRUST,-18.1
ISHARES TRUST,4.3
ISHARES TRUST,-7.4
ISHARES TRUST,-6.9
ISHARES TRUST,-11.6
ISHARES TRUST,-12.8
ISHARES TRUST,-11.4
ISHARES TRUST,9.0
ISHARES TRUST,-13.3
ISHARES TRUST,4.3
ISHARES TRUST,-13.7
ISHARES TRUST,-14.8
ISHARES TRUST,-7.7
ISHARES TRUST,-9.2
ISHARES TRUST,-5.0
ISHARES TRUST,-21.8
ISHARES TRUST,-17.2
ISHARES TRUST,-22.1
ISHARES TRUST,-10.3
ISHARES TRUST,-15.6
ISHARES TRUST,-2.1
ISHARES TRUST,-9.9
ISHARES TRUST,-2.9
ISLE OF CAPRI CASINOS INC,26.0
ISRAMCO INC,5.9
ISTAR FINANCIAL INC,-53.5
ITERIS INC,-11.2
ITRON INC,-14.5
ITURAN LOCATION & CONTROL LTD,-9.3
IVANHOE MINES LTD,-45.5
IXIA,-15.2
J & J SNACK FOODS CORP,0.9
J D S UNIPHASE CORP,-16.6
J F CHINA REGION FUND INC,-15.7
J2 GLOBAL COMM INC,-5.4
JABIL CIRCUIT INC,-43.4
JACK IN THE BOX INC,-11.1
JACKSONVILLE BANCORP INC MD,-0.4
JACOBS ENGINEERING GROUP INC,-26.4
JAKKS PACIFIC INC,-0.2
JAMBA INC,-32.8
JAMES HARDIE INDS N V,5.4
JANUS CAP GROUP INC,-10.0
JAPAN SMALLER CAP FUND INC,-11.6
JETBLUE AIRWAYS CORP,-18.5
JEWETT CAMERON TRADING LTD,-5.1
JOHN HANCOCK PREFERRED INC FD II,-33.4
JOHN HANCOCK TAX ADV DIV INC FD,-23.3
JOHNSON & JOHNSON,-1.6
JOHNSON CONTROLS INTL PLC,-17.9
JOHNSON OUTDOORS INC,-21.2
JONES LANG LASALLE INC,-12.7
JOY GLOBAL INC,-36.2
JPMORGAN CHASE & CO,21.3
JUNIPER NETWORKS INC,-18.0
K B FINANCIAL GROUP INC,-16.6
K B HOME,-5.4
K B R INC,-37.6
K C A P FINANCIAL INC,-21.8
K H D HUMBOLDT WEDAG INTL LTD,-27.5
K L A TENCOR CORP,-14.6
K M G CHEMICALS INC,-34.9
K T CORP,-17.5
K V H INDUSTRIES INC,1.7
KADANT INC,-2.9
KAISER ALUMINUM CORP,-20.6
KAMAN CORP,-5.5
KANSAS CITY SOUTHERN,-13.7
KAYNE ANDERSON ENERGY DEVELOP CO,-25.9
KAYNE ANDERSON ENERGY TOT RET FD,-21.1
KAYNE ANDERSON M L P INVEST CO,-14.9
KEARNY FINANCIAL CORP,-11.9
KELLOGG CO,3.0
KELLY SERVICES INC,-1.5
KEMPER CORP DE,-2.3
KENNAMETAL INC,-23.0
KENTUCKY FIRST FEDERAL BANCORP,1.9
KERYX BIOPHARMACEUTICALS INC,-34.0
KEWAUNEE SCIENTIFIC CORP,-20.7
KEY TRONICS CORP,-32.1
KEYCORP NEW,-0.6
KFORCE INC,-4.4
KILROY REALTY CORP,-3.4
KIMBALL INTERNATIONAL INC,4.1
KIMBERLY CLARK CORP,6.1
KIMCO REALTY CORP,-0.5
KINDRED HEALTHCARE INC,-10.9
KINGSWAY FINANCIAL SERVICES INC,-19.7
KINROSS GOLD CORP,-1.8
KIRBY CORP,-17.1
KIRKLANDS INC,-5.0
KITE REALTY GROUP TRUST,-9.8
KNIGHT TRANSPORTATION INC,-4.9
KNOLL INC,-7.5
KNOT INC,-8.3
KOHLS CORP,-6.3
KONA GRILL INC,-14.8
KONGZHONG CORP,-9.7
KONINKLIJKE PHILIPS ELEC N V,-15.9
KOPIN CORP,4.7
KOPPERS HOLDINGS INC,-18.3
KOREA ELECTRIC POWER CO,-17.7
KOREA EQUITY FUND INC,-9.6
KOREA FUND INC,-12.0
KORN FERRY INTERNATIONAL,0.2
KRAFT FOODS INC,4.9
KRATOS DEFENSE & SECUR SOLS INC,-2.5
KROGER COMPANY,-0.5
KRONOS WORLDWIDE INC,-17.8
KULICKE & SOFFA INDS INC,-12.3
KYOCERA CORP,-7.9
L 3 COMMUNICATIONS HLDGS INC,-5.4
L BRANDS INC,-16.7
L G DISPLAY CO LTD,3.1
L G L GROUP INC,-20.6
L H C GROUP,-2.2
L K Q CORP,-9.4
L M I AEROSPACE INC,-14.8
L M P CAPITAL & INCOME FUND INC,-20.1
L M P CORPORATE LOAN FUND INC,-18.2
L S B INDUSTRIES INC,-42.6
L S I INDUSTRIES INC,-4.2
L T C PROPERTIES INC,9.6
L T X CORP,-2.8
LA Z BOY INC,23.1
LABOR READY INC,-2.6
LABORATORY CORP AMERICA HLDGS,-5.0
LACLEDE GROUP INC,8.8
LADENBURG THALMANN FIN SVCS INC,-13.0
LAKE SUNAPEE BANK GROUP,-9.8
LAKELAND BANCORP INC,-0.9
LAKELAND FINANCIAL CORP,7.8
LAKELAND INDUSTRIES INC,0.9
LAM RESH CORP,-14.3
LAMAR ADVERTISING CO,-16.9
LAN AIRLINES S A,-2.8
LANCASTER COLONY CORP,9.1
LANCE INC,10.7
LANDAUER INC,12.2
LANDEC CORP,-12.8
LANDMARK BANCORP INC,8.2
LANDSTAR SYSTEM INC,-10.1
LANNETT CO INC,-33.4
LANTRONIX INC,-15.8
LAS VEGAS SANDS CORP,-23.8
LASALLE HOTEL PROPERTIES,-9.9
LATIN AMERICAN DISCOVERY FD INC,-20.4
LATTICE SEMICONDUCTOR CORP,-12.0
LAUDER ESTEE COS INC,0.3
LAWSON PRODUCTS INC,-7.5
LAYNE CHRISTENSEN CO,-35.4
LAZARD GLOB TOT RET & INC FD INC,-17.3
LAZARD LTD,0.9
LAZARD WORLD DIVID & INC FD INC,-26.8
LEADING BRANDS INC,-3.6
LEE ENTERPRISES INC,-6.7
LEGACYTEXAS FINANCIAL GROUP INC,6.8
LEGG MASON INC,-14.0
LEGGETT & PLATT INC,-1.2
LEHMAN BROS FIRST TR INC OP FD,-23.1
LEIDOS HOLDINGS INC,0.9
LEMAITRE VASCULAR INC,-5.7
LENNAR CORP,15.5
LENNAR CORP,8.0
LENNOX INTERNATIONAL INC,-10.1
LEUCADIA NATIONAL CORP,-1.8
LEVEL 3 COMMUNICATIONS INC,-21.3
LEXICON GENETICS INC,-4.3
LEXINGTON REALTY TRUST,17.7
LIBERTY ALL STAR EQUITY FD,-19.9
LIBERTY ALL STAR GROWTH FD INC,-20.8
LIBERTY GLOBAL INC,-13.9
LIBERTY GLOBAL INC,-18.3
LIBERTY GLOBAL INC,-15.4
LIBERTY INTERACTIVE CORP,-5.0
LIBERTY INTERACTIVE CORP,-5.8
LIBERTY PROPERTY TRUST,1.4
LIFE STORAGE INC,16.1
LIFEPOINT HEALTH INC,-4.7
LIFETIME BRANDS INC,0.6
LIFEWAY FOODS INC,3.4
LIGAND PHARMACEUTICALS INC,-12.7
LIGHTPATH TECHNOLOGIES INC,4.9
LILLY ELI & CO,-5.6
LINCOLN EDUCATIONAL SVCS CORP,-12.0
LINCOLN ELECTRIC HOLDINGS INC,-20.1
LINCOLN NATIONAL CORP,-15.7
LINDSAY CORP,-11.2
LINEAR TECHNOLOGY CORP,-6.1
LIONBRIDGE TECHNOLOGIES,-23.5
LIONS GATE ENTERTAINMENT CORP,-9.5
LIQUIDITY SERVICES INC,-1.0
LITHIA MOTORS INC,-11.1
LITTELFUSE INC,-16.2
LIVE NATION ENTERTAINMENT INC,1.4
LIVEPERSON INC,-10.5
LLOYDS BANKING GROUP PLC,-24.8
LOCKHEED MARTIN CORP,-5.8
LOEWS CORP,-9.1
LOGITECH INTERNATIONAL SA,-12.6
LORAL SPACE & COMMUNICATIONS INC,-19.6
LOUISIANA PACIFIC CORP,-4.5
LOWES COMPANIES INC,-3.9
LUBYS INC,8.4
LUMINEX CORP,-1.9
LUNA INNOVATIONS INC,-36.6
LUXOTTICA GROUP S P A,-8.5
LYDALL INC,-17.6
M & T BANK CORP,25.1
M B FINANCIAL INC NEW,18.8
M B I A CAPITAL CLAYMORE MANAGED,-16.7
M B I A INC,-26.6
M B T FINANCIAL CORP,4.2
M D C HOLDINGS INC,-11.7
M D C PARTNERS INC,-16.5
M D U RESOURCES GROUP INC,-11.8
M E I PHARMA INC,-25.9
M E R TELEMANAGEMENT SOLTNS LTD,0.0
M F A FINANCIAL INC,-4.4
M F R I INC,-0.2
M F S CHARTER INCOME TRUST,-10.2
M F S GOVERNMENT MARKETS INC TR,-11.9
M F S INTERMEDIATE INCOME TRUST,-4.1
M F S MULTIMARKET INCOME TRUST,-9.7
M F S MUNICIPAL INCOME TRUST,-17.6
M F S SPECIAL VALUE TRUST,-17.9
M G E ENERGY INC,4.9
M G I C INVESTMENT CORP WIS,-16.4
M G M MIRAGE,-19.0
M G P INGREDIENTS INC,-42.4
M H I HOSPITALITY CORP,-11.0
M I HOMES INC,27.2
M K S INSTRUMENTS INC,-11.7
M O C O N INC,-4.4
M S A SAFETY INC,4.9
M S C INDUSTRIAL DIRECT INC,-9.5
M T S SYSTEMS CORP,1.9
M V C CAPITAL INC,2.1
MACATAWA BANK CORP,-13.6
MACERICH CO,2.8
MACK CALI REALTY CORP,-16.2
MACKINAC FINANCIAL CORP,-1.4
MACQUARIE FIRST TR GLOB INFRASTR,-17.3
MACQUARIE GLOBAL INFR TOT RET FD,-24.7
MACQUARIE INFRASTRUCTURE CO LLC,-33.2
MACROVISION CORPORATION,-0.9
MAD CATZ INTERACTIVE INC,-34.3
MADDEN STEVEN LTD,-1.5
MADISON CLAYMORE COVERED CALL FD,-16.1
MADISON STRATEGIC SECTOR PREM FD,-12.1
MAGAL SECURITY SYSTEMS LTD,7.2
MAGELLAN HEALTH INC,-5.7
MAGELLAN MIDSTREAM PTNRS L P,-12.9
MAGELLAN PETROLEUM CORP,-31.5
MAGIC SOFTWARE ENTERPRISES LTD,-15.7
MAGICJACK VOCALTEC LTD,-17.1
MAGNA INTERNATIONAL INC,-10.6
MAGYAR BANCORP INC,-9.7
MAINSOURCE FINANCIAL GROUP INC,9.0
MAJESCO ENTERTAINMENT CO,-9.5
MANHATTAN ASSOCIATES INC,-8.9
MANITEX INTERNATIONAL INC,-14.7
MANITOWOC CO INC,-38.2
MANNATECH INC,-9.3
MANNKIND CORP,18.8
MANPOWER INC WIS,-10.2
MANTECH INTERNATIONAL CORP,0.7
MANULIFE FINANCIAL CORP,2.5
MARATHON OIL CORP,-11.5
MARCHEX INC,-8.7
MARCUS CORP,-6.4
MARINE PETROLEUM TRUST,-18.6
MARINE PRODUCTS CORP,2.1
MARINEMAX INC,-8.7
MARKEL CORP,-5.0
MARKET VECTORS E T F TRUST,-10.2
MARKET VECTORS E T F TRUST,-34.7
MARKETAXESS HLDGS INC,-19.7
MARLIN BUSINESS SVCS CORP,9.4
MARRIOTT INTERNATIONAL INC NEW,-7.2
MARSH & MCLENNAN COS INC,-0.5
MARTEN TRANSPORT LTD,-2.2
MARTIN MARIETTA MATERIALS INC,-0.8
MARTIN MIDSTREAM PARTNERS LP,-35.5
MARVELL TECHNOLOGY GROUP LTD,-34.1
MASCO CORP,-5.9
MASTEC INC,-5.9
MASTERCARD INC,-26.9
MATRIX SERVICE CO,-27.3
MATTEL INC,-6.7
MATTHEWS INTERNATIONAL CORP,1.0
MAUI LAND & PINEAPPLE CO INC,2.5
MAXIMUS INC,-0.4
MAXWELL TECHNOLOGIES INC,7.9
MCCLATCHY CO,23.7
MCCORMICK & CO INC,-4.9
MCCORMICK & CO INC,-5.4
MCDERMOTT INTERNATIONAL INC,-26.4
MCDONALDS CORP,-0.5
MCEWEN MINING INC,4.8
MCGRATH RENTCORP,1.1
MCGRAW HILL COS INC,-26.2
MCKESSON H B O C INC,-6.9
MEADWESTVACO CORP,-12.0
MECHEL O A O,-34.3
MEDALLION FINANCIAL CORP,0.9
MEDIA GENERAL INC,1.1
MEDICAL PROPERTIES TRUST INC,5.3
MEDICINES COMPANY,-4.7
MEDICINOVA INC,-42.8
MEDIFAST INC,-17.9
MEDNAX INC,-5.3
MEDTRONIC INC,-8.2
MELCO CROWN ENTERTAINMENT LTD,-39.5
MENS WEARHOUSE INC,-2.7
MENTOR GRAPHICS CORP,-7.0
MERCANTILE BANK CORP,-7.8
MERCER INTERNATIONAL INC,-40.1
MERCHANTS BANCSHARES INC,-4.4
MERCK & CO INC,-10.5
MERCURY COMPUTER SYSTEMS,-3.8
MERCURY GENERAL CORP NEW,8.6
MEREDITH CORP,-1.2
MERIDIAN BIOSCIENCE INC,2.2
MERIT MEDICAL SYSTEMS INC,-3.0
MERITAGE HOMES CORP,5.5
MESA LABORATORIES INC,3.7
MESA ROYALTY TRUST,-17.7
MESABI TRUST,-25.5
META FINANCIAL GROUP INC,-9.8
METABOLIX INC,-5.6
METHANEX CORP,-20.5
METHODE ELECTRONICS INC,-18.7
METLIFE INC,3.3
METTLER TOLEDO INTERNATIONAL INC,-6.8
MEXCO ENERGY CORP,-40.5
MEXICO EQUITY & INCOME FUND,-19.5
MEXICO FUND INC,-14.1
MICROBOT MEDICAL INC,-15.6
MICROCHIP TECHNOLOGY INC,-8.1
MICRON TECHNOLOGY INC,-4.5
MICROSEMI CORP,-7.3
MICROSOFT CORP,-2.2
MICROSTRATEGY INC,-7.2
MICROVISION INC WA,-25.4
MID AMERICA APT COMMUNITIES INC,-2.0
MID PENN BANCORP INC,-5.8
MIDCAP SPDR TRUST,-10.8
MIDDLEBURG FINANCIAL CORP,-2.6
MIDDLEBY CORP,1.8
MIDDLESEX WATER CO,-1.4
MIDSOUTH BANCORP INC,-7.2
MILLER HERMAN INC,-13.0
MILLER INDUSTRIES INC TENN,-11.5
MINCO GOLD CORP,-22.6
MIND C T I LTD,3.8
MINERALS TECHNOLOGIES INC,-9.6
MISONIX INC,-20.7
MITCHAM INDUSTRIES INC,-34.0
MITSUBISHI UFJ FINANCIAL GP INC,15.4
MIZUHO FINANCIAL GROUP INC,1.4
MOBILE MINI INC,-9.6
MOBILE TELESYSTEMS OJSC,-17.6
MODINE MANUFACTURING CO,-8.5
MOHAWK INDUSTRIES INC,-2.4
MOLINA HEALTHCARE INC,-1.5
MOLSON COORS BREWING CO,-1.9
MOMENTA PHARMACEUTICALS INC,-8.6
MONARCH CASINO & RESORT INC,-14.9
MONEYGRAM INTERNATIONAL INC,-16.5
MONMOUTH REAL ESTATE INVT CORP,7.2
MONOLITHIC PWR SYS INC,-28.6
MONRO MUFFLER BRAKE INC,11.2
MONSANTO CO NEW,-13.4
MOODYS CORP,-16.4
MOOG INC,-9.5
MORGAN STANLEY ASIA PAC FD INC,-17.2
MORGAN STANLEY CHINA A SHARE FD,-15.0
MORGAN STANLEY DEAN WITTER & CO,-43.7
MORGAN STANLEY EMG MKS FD INC N,-17.2
MORGAN STANLEY EMRG MKTS FD INC,-19.3
MORGAN STANLEY INDIA INV FD INC,-17.6
MORGAN STANLEY TRUSTS,-13.8
MORNINGSTAR INC,-15.1
MOSAIC COMPANY,-36.3
MOSYS INC,-6.6
MOTOROLA INC,-23.7
MOUNTAIN PROVINCE DIAMONDS INC,-23.3
MOVADO GROUP INC,-3.6
MUELLER INDUSTRIES INC,-18.0
MUELLER WATER PRODUCTS INC,-17.4
MULTI COLOR CORP,2.4
MURPHY OIL CORP,-18.3
MUTUALFIRST FINL INC,-6.1
MYERS INDUSTRIES INC,-3.7
MYLAN INC,-11.4
MYRIAD GENETICS INC,-4.9
N B T BANCORP INC,19.3
N C I BUILDING SYSTEMS INC,-17.1
N C I INC,6.3
N C R CORP NEW,-16.7
N G P CAPITAL RESOURCES CO,-8.0
N I C INC,-0.3
N L INDUSTRIES INC,-1.2
N N INC,-21.7
N R G ENERGY INC,-34.2
N T N BUZZTIME INC,-18.5
N T T DOCOMO INC,3.2
N V E CORP,-8.7
N V R INC,-4.3
NABORS INDUSTRIES LTD,-30.0
NACCO INDUSTRIES INC,-19.6
NAM TAI ELECTRONICS INC,-12.7
NANOMETRICS INC,-41.9
NAPCO SECURITY SYSTEMS INC,-28.7
NASDAQ INC,-6.5
NATHANS FAMOUS INC NEW,-0.6
NATIONAL BANKSHARES INC,-4.6
NATIONAL BEVERAGE CORP,-2.7
NATIONAL FUEL GAS CO N J,-10.2
NATIONAL GRID PLC,-2.1
NATIONAL HEALTH INVESTORS INC,6.2
NATIONAL HEALTHCARE CORP,-4.7
NATIONAL INSTRUMENTS CORP,-6.9
NATIONAL OILWELL VARCO INC,-31.9
NATIONAL PRESTO INDS INC,-3.6
NATIONAL RESEARCH CORP,-3.8
NATIONAL RETAIL PROPERTIES INC,5.6
NATIONAL WESTERN LIFE GROUP INC,1.1
NATURAL ALTERNATIVES INTL INC,-8.4
NATURAL GAS SERVICES GROUP INC,-32.7
NATURAL RESOURCE PARTNERS L P,-27.0
NATUS MEDICAL INC,-7.9
NATUZZI S P A,0.9
NAUTILUS INC,-14.1
NAVIGANT CONSULTING INC,14.9
NAVIGATORS GROUP INC,10.7
NAVIOS MARITIME HOLDINGS INC,-51.7
NEENAH PAPER INC,2.0
NEKTAR THERAPEUTICS,-9.6
NELNET INC,-9.7
NEOGEN CORP,8.1
NET 1 UEPS TECHNOLOGIES INC,-16.7
NETAPP INC,-28.5
NETEASE COM INC,-12.7
NETFLIX INC,0.1
NETGEAR INC,-11.0
NETLIST INC,-42.1
NETSCOUT SYSTEMS INC,-28.6
NETSOL TECHNOLOGIES INC,-39.2
NEUBERGER BERMAN CA INT MU FD IN,-5.7
NEUBERGER BERMAN INTER FD INC,-10.2
NEUBERGER BERMAN NY INT MU FD IN,-10.6
NEUBERGER BERMAN REAL ESTATE SEC,-17.5
NEUROCRINE BIOSCIENCES INC,-9.3
NEUROMETRIX INC,-10.6
NEUSTAR INC,-17.2
NEVADA GOLD & CASINOS INC,-29.3
NEVSUN RESOURCES LTD,-27.3
NEW AMERICA HIGH INCOME FUND INC,-22.5
NEW CENTURY BANCORP INC NC,-23.1
NEW ENGLAND REALTY ASSOC L P,-8.4
NEW GERMANY FUND INC,-25.2
NEW GOLD INC,-3.5
NEW IRELAND FUND INC,-20.2
NEW JERSEY RES,0.0
NEW ORIENTAL EDUC & TECH GP INC,-13.3
NEW YORK & CO INC,-19.2
NEW YORK COMMUNITY BANCORP INC,1.8
NEW YORK TIMES CO,10.0
NEWELL BRANDS INC,-4.6
NEWFIELD EXPLORATION CO,-29.3
NEWMARKET CORP,-22.3
NEWMONT MINING CORP,-13.8
NEWPARK RESOURCES INC,-14.9
NEWS CORP,-14.9
NEWS CORP,-15.0
NEWSTAR FINANCIAL INC,-8.1
NEWTEK BUSINESS SVCS CORP,-26.5
NEXSTAR BROADCASTING GROUP INC,-38.5
NEXXUS LIGHTING INC,-11.0
NICE LTD,-11.0
NICHOLAS FINANCIAL INC,-17.5
NIKE INC,10.8
NIPPON TELEGRAPH & TELPHONE CORP,-8.1
NISOURCE INC,-10.4
NOBLE CORP,-12.7
NOBLE ENERGY INC,-22.5
NOKIA CORP,-25.9
NOMURA HOLDINGS INC,-1.1
NORDIC AMERICAN TANKER SHPG LTD,-8.9
NORDSON CORP,-8.4
NORDSTROM INC,-7.3
NORFOLK SOUTHERN CORP,-10.0
NORTECH SYSTEMS INC,-35.3
NORTH AMERICAN ENERGY PTNRS INC,-37.2
NORTH EUROPEAN OIL RTY TR,-14.5
NORTHEAST BANCORP,0.6
NORTHERN DYNASTY MINERALS LTD,-33.6
NORTHERN TECHNOLOGIES INTL CORP,-8.3
NORTHERN TRUST CORP,-9.8
NORTHRIM BANCORP INC,-0.1
NORTHROP GRUMMAN CORP,-12.1
NORTHSTAR REALTY FINANCE CORP,8.4
NORTHWEST BANCORP INC PA,-0.7
NORTHWEST NATURAL GAS CO,6.7
NORTHWEST PIPE CO,-24.7
NORTHWESTERN CORP,-3.2
NORWOOD FINANCIAL CORP,-4.1
NOVA MEASURING INSTRUMENTS LTD,-1.3
NOVACEA INC,-37.9
NOVAGOLD RESOURCES INC,0.5
NOVARTIS A G,-5.0
NOVAVAX INC,5.1
NOVELION THERAPEUTICS INC,-16.8
NOVO NORDISK A S,-7.8
NOVOGEN LTD,-25.9
NU SKIN ENTERPRISES INC,-3.2
NUANCE COMMUNICATIONS INC,-22.8
NUCOR CORP,-23.8
NUMEREX CORP NY,-22.0
NUSTAR ENERGY L P,-14.0
NUSTAR G P HOLDINGS LLC,-17.2
NUTRACEUTICAL INTERNATIONAL CORP,-8.7
NUTRISYSTEM INC,-10.8
NUVASIVE INC,3.5
NUVEEN AMT FREE MUNI CRED INC FD,-14.6
NUVEEN AMT FREE MUNI INC FUND,-18.6
NUVEEN AZ PREM INCOME MUN FD INC,-9.1
NUVEEN CA AMT FREE MUNI INC FD,-16.2
NUVEEN CALIFORNIA DIV ADV MUN FU,-19.2
NUVEEN CALIFORNIA MUN VALUE FD,-6.0
NUVEEN CREDIT STRATEGIES INC FD,-30.9
NUVEEN CT PREMIUM INCOME MUNI FD,-14.6
NUVEEN DIVERSIFIED DIV & INC FD,-20.5
NUVEEN DIVIDEND ADV MUN FD 3,-14.0
NUVEEN DIVIDEND ADV MUN FUND,-14.6
NUVEEN EQUITY PREMIUM & GRWTH FD,-11.0
NUVEEN EQUITY PREMIUM INCOME FD,-12.1
NUVEEN FLOATING RATE INC OPP FD,-22.9
NUVEEN FLOATING RATE INCOME FUND,-22.7
NUVEEN GA DIV ADV MUNI FD 2,-16.9
NUVEEN INS NY TX FR ADV MUN FD,-13.9
NUVEEN INSU CA SEL TF INC PORT,-12.7
NUVEEN INSU NY SELE TF INC PORT,-8.6
NUVEEN MA PREM INC MUN FD,-8.7
NUVEEN MARYLAND PREM INC MUN FD,-12.5
NUVEEN MI QLTY INC MUNI FD INC,-14.0
NUVEEN MISSOURI PREM INC MUN FD,-9.9
NUVEEN MULTI STRAT INC & GRTH FD,-28.7
NUVEEN MUNCIPAL INCOME FUND INC,-13.7
NUVEEN MUNICIPAL HIGH INC OP FD,-13.0
NUVEEN MUNICIPAL VALUE FUND,-2.6
NUVEEN NC PREMIUM INCOME MUNI FD,-15.8
NUVEEN NEW YORK MUN VALUE FUND,-4.5
NUVEEN NJ DIVIDEND ADV MUNI FD,-16.3
NUVEEN NY DIVIDEND ADV MUNI FD,-11.3
NUVEEN OH QLTY INCOME MUN FD INC,-14.6
NUVEEN PA INVT QUALITY MUNI FUND,-16.6
NUVEEN PFD SECURITIES INCOME FD,-36.2
NUVEEN REAL ESTATE INC FD,-20.6
NUVEEN SEL TAX FREE INC PORT 3,-10.4
NUVEEN SELECT MATURITIES MUN FD,-8.9
NUVEEN SELECT TAX FREE INC PORT,-8.0
NUVEEN SELECT TAX FREE INC PORT2,-8.0
NUVEEN SENIOR INCOME FUND,-20.8
NUVEEN TAX ADV TOT RET STRAT FD,-26.2
NUVEEN TX QLTY INCOME MUNI FD,-12.2
NUVEEN VA QUALITY MUNI INCOME FD,-8.5
NVIDIA CORP,-15.3
NXSTAGE MEDICAL INC,11.1
NYMOX PHARMACEUTICAL CORP,-2.1
O F G BANCORP,4.2
O G E ENERGY CORP,-8.4
O R I X CORP,1.4
O REILLY AUTOMOTIVE INC,-8.1
O S I SYSTEMS INC,1.3
O2MICRO INTERNATIONAL LTD,-31.5
OCCIDENTAL PETROLEUM CORP,-10.8
OCCULOGIX INC,-22.4
OCEAN BIO CHEM INC,-8.6
OCEANEERING INTERNATIONAL INC,-14.6
OCEANFIRST FINANCIAL CORP,0.4
OCWEN FINANCIAL CORP,15.5
ODYSSEY MARINE EXPLORATION INC,-9.0
OFFICE DEPOT INC,-17.3
OHIO VALLEY BANC CORP,-2.2
OIL DRI CORP OF AMERICA,-8.0
OIL STATES INTERNATIONAL INC,-36.5
OLD DOMINION FREIGHT LINE INC,-14.8
OLD LINE BANCSHARES,4.1
OLD NATIONAL BANCORP,14.9
OLD POINT FINL CORP,12.5
OLD REPUBLIC INTERNATIONAL CORP,18.2
OLD SECOND BANCORP INC,10.3
OLIN CORP,-27.9
OLYMPIC STEEL INC,-38.1
OMEGA FLEX INC,4.6
OMEGA HEALTHCARE INVESTORS INC,10.2
OMEGA PROTEIN CORP,-13.4
OMNICELL INC,-14.3
OMNICOM GROUP INC,-8.7
OMNOVA SOLUTIONS INC,-31.1
ON ASSIGNMENT INC,-16.6
ON SEMICONDUCTOR CORP,-28.6
ON TRACK INNOVATIONS LTD,-6.5
ONCOGENEX PHARMACEUTICALS INC,-33.8
ONE LIBERTY PROPERTIES INC,0.3
ONEBEACON INSURANCE GROUP LTD,-0.2
ONEOK INC NEW,-21.3
ONEOK PARTNERS L P,-15.5
ONVIA INC,-4.4
OPEN TEXT CORP,-1.4
OPEXA THERAPEUTICS INC,-92.0
OPPENHEIMER HOLDINGS INC,-6.5
OPTIBASE LTD,-15.7
OPTICAL CABLE CORP,-40.3
ORACLE CORP,-7.4
ORASURE TECHNOLOGIES INC,-1.4
ORBCOMM INC,-14.4
ORBOTECH LTD,-26.0
ORCHIDS PAPER PRODUCTS CO,-9.7
ORIGIN AGRITECH LTD,7.5
ORMAT TECHNOLOGIES INC,-27.5
ORTHOFIX INTERNATIONAL N V,-23.1
OSHKOSH CORP,-14.7
OSIRIS THERAPEUTICS INC NEW,25.6
OTTER TAIL CORP,-22.6
OVERSTOCK COM INC DEL,-6.3
OWENS & MINOR INC NEW,5.6
OWENS CORNING NEW,-1.2
OWENS ILL INC,-34.1
OXFORD INDUSTRIES INC,13.0
P & F INDUSTRIES INC,-7.8
P A M TRANSPORTATION SVCS INC,-26.1
P B BANCORP INC,-2.2
P C M FUND INC,-17.6
P C M INC,-28.6
P C TEL INC,-7.8
P D C ENERGY INC,-27.0
P D F SOLUTIONS INC,-18.1
P D L BIOPHARMA INC,-22.9
P G & E CORP,-8.4
P G T INC,-40.6
P H H CORP,-12.9
P H I INC,0.0
P H I INC,-3.9
P I C O HOLDINGS INC,-24.6
P I M C O STRATEGIC GLOBAL GOV F,-7.0
P L D T INC,-5.0
P N C FINANCIAL SERVICES GRP INC,3.8
P N M RESOURCES INC,-13.1
P P G INDUSTRIES INC,-7.2
P P L CORP,-14.7
P R A GROUP INC,14.3
P R G SCHULTZ INTERNATIONAL INC,-24.0
P S BUSINESS PARKS INC CA,7.8
P T C INC,-8.4
P V H CORP,-0.4
PACCAR INC,-11.3
PACHOLDER HIGH YIELD FUND INC,-17.8
PACIFIC CONTINENTAL CORP,19.7
PACIFIC ETHANOL INC,-32.5
PACIFIC MERCANTILE BANCORP,-3.5
PACIFIC PREMIER BANCORP INC,-9.2
PACKAGING CORP AMERICA,-8.8
PAIN THERAPEUTICS INC,4.5
PALATIN TECHNOLOGIES INC,0.0
PAN AMERICAN SILVER CORP,-16.4
PANERA BREAD CO,-5.3
PANHANDLE OIL & GAS INC,-20.9
PAPA JOHNS INTL INC,-2.7
PAR TECHNOLOGY CORP,-10.8
PAREXEL INTERNATIONAL CORP,-9.8
PARK ELECTROCHEMICAL CORP,-13.5
PARK NATIONAL CORP,27.2
PARK OHIO HOLDINGS CORP,-8.3
PARKE BANCORP INC,-16.1
PARKER DRILLING CO,-13.5
PARKER HANNIFIN CORP,-17.3
PARKERVISION INC,-7.4
PARTNER COMMUNICATIONS CO LTD,-13.6
PATHFINDER BANCORP INC,-27.4
PATRICK INDUSTRIES INC,-20.6
PATRIOT NATIONAL BANCORP INC,-14.5
PATTERSON COMPANIES INC,-6.5
PATTERSON U T I ENERGY INC,-29.0
PAYCHEX INC,-3.1
PC CONNECTION INC,-11.9
PEAPACK GLADSTONE FINANCIAL CORP,14.2
PEARSON PLC,-12.1
PEGASYSTEMS INC,-11.7
PENGROWTH ENERGY CORP,-14.6
PENN NATIONAL GAMING INC,-21.4
PENN WEST ENERGY TRUST,-16.8
PENNEY J C CO INC,-14.4
PENNS WOODS BANCORP INC,-2.3
PENNSYLVANIA REAL ESTATE INVT TR,-5.0
PENSKE AUTOMOTIVE GROUP INC,-13.4
PEOPLES BANCORP INC,7.1
PEOPLES BANCORP NC INC NEW,1.6
PEOPLES BANK BRIDGEPORT,7.4
PEOPLES FINANCIAL CORP MS,-7.0
PEPSICO INC,4.7
PERCEPTRON INC,-26.7
PEREGRINE PHARMACEUTICALS INC,3.4
PERFICIENT INC,-16.4
PERINI CORP,-3.4
PERKINELMER INC,-12.1
PERMA FIX ENVIRONMENTAL SVCS INC,-16.4
PERMIAN BASIN RTY TR,-3.9
PERRIGO CO,9.9
PERUSAHAAN P P P T TELEKOM INDO,-14.5
PETMED EXPRESS INC,10.3
PETROBRAS ENERGIA PARTICIPAC S A,-13.2
PETROCHINA CO LTD,-19.0
PETROLEO BRASILEIRO SA PETROBRAS,-16.7
PETROQUEST ENERGY INC,-17.0
PFIZER INC,-3.5
PFSWEB INC,-25.6
PHOTOMEDEX INC,-15.7
PHOTRONICS INC,-42.5
PIER 1 IMPORTS INC DE,-6.6
PIMCO CA MUNICIPAL INCOME FD III,-19.6
PIMCO CALIFORNIA MUNI INC FD,-6.2
PIMCO CALIFORNIA MUNI INC FD II,-17.4
PIMCO CORP & INCOME STRATEGY FD,-32.0
PIMCO CORPORATE & INCOME OPP FD,-23.9
PIMCO FLOATING RATE INCOME FUND,-25.4
PIMCO FLOATING RATE STRATEGY FD,-24.4
PIMCO GLOBAL STOCKSPLUS & INC FD,-22.1
PIMCO HIGH INCOME FD,-24.7
PIMCO MUNICIPAL INC FD,-16.2
PIMCO MUNICIPAL INCOME FD II,-13.9
PIMCO MUNICIPAL INCOME FD III,-20.6
PIMCO NEW YORK MUNICIPAL FD II,-20.5
PIMCO NEW YORK MUNICIPAL INC FD,-16.6
PIMCO NY MUNICIPAL INCOME FD III,-18.1
PINNACLE FINANCIAL PARTNERS INC,21.6
PINNACLE WEST CAPITAL CORP,-2.2
PIONEER DRILLING CO,-20.6
PIONEER FLOATING RATE TRUST,-21.9
PIONEER HIGH INCOME TRUST,-21.1
PIONEER MUNICIPAL HIGH INC ADVNT,-22.2
PIONEER MUNICIPAL HIGH INC TRUST,-19.5
PIONEER NATURAL RESOURCES CO,-17.0
PIPER JAFFRAY COMPANIES,13.8
PITNEY BOWES INC,-2.6
PITTSBURGH & WEST VIRGINIA RR,-1.7
PIXELWORKS INC,-16.1
PIZZA INN HOLDINGS INC,-5.4
PLAINS ALL AMERN PIPELINE L P,-16.9
PLANTRONICS INC NEW,-12.7
PLEXUS CORP,-26.2
PLUG POWER INC,-63.5
PLUMAS BANCORP,-2.3
POINTER TELOCATION LTD,-22.1
POLARIS INDUSTRIES INC,0.9
POLO RALPH LAUREN CORP,-12.1
POLYMET MINING CORP,-32.1
POLYONE CORP,-21.4
POOL CORP,-3.8
POPULAR INC,2.7
PORTER BANCORP INC,-3.3
PORTLAND GENERAL ELECTRIC CO,-6.7
POSCO,-12.8
POTASH CORP SASKATCHEWAN INC,-24.0
POTLATCH CORP NEW,-0.6
POWELL INDUSTRIES INC,-7.6
POWERSHARES D B COMM IDX TRK FD,-10.2
POWERSHARES E T F TRUST,-11.3
POWERSHARES E T F TRUST,-10.9
POWERSHARES E T F TRUST,10.5
POWERSHARES E T F TRUST,-20.3
POWERSHARES E T F TRUST,-24.9
POWERSHARES E T F TRUST,-13.4
POWERSHARES E T F TRUST,-6.2
POWERSHARES E T F TRUST,-14.8
POWERSHARES E T F TRUST,-9.5
POWERSHARES E T F TRUST,-11.7
POWERSHARES E T F TRUST,-11.2
POWERSHARES E T F TRUST,-8.4
POWERSHARES E T F TRUST,-11.0
POWERSHARES E T F TRUST,-14.5
POWERSHARES E T F TRUST,-4.3
POWERSHARES E T F TRUST,-16.2
POWERSHARES E T F TRUST,-15.5
POWERSHARES E T F TRUST,-4.5
POWERSHARES E T F TRUST,-7.9
POWERSHARES E T F TRUST,-6.6
POWERSHARES E T F TRUST,-11.3
POWERSHARES E T F TRUST,0.0
POWERSHARES E T F TRUST,-6.1
POWERSHARES E T F TRUST,-8.3
POWERSHARES E T F TRUST,-22.7
POWERSHARES E T F TRUST,-15.6
POWERSHARES E T F TRUST,-17.9
POWERSHARES E T F TRUST,-12.0
POWERSHARES E T F TRUST,-16.2
POWERSHARES E T F TRUST,-8.5
POWERSHARES E T F TRUST,-15.5
POWERSHARES E T F TRUST,-6.5
POWERSHARES E T F TRUST,-11.0
POWERSHARES E T F TRUST,-19.7
POWERSHARES E T F TRUST,-6.2
POWERSHARES E T F TRUST,-21.5
POWERSHARES E T F TRUST,-13.7
POWERSHARES E T F TRUST,-7.9
POWERSHARES E T F TRUST,-14.5
POWERSHARES E T F TRUST,-4.0
POWERSHARES E T F TRUST,-18.2
POWERSHARES E T F TRUST,-2.4
POWERSHARES E T F TRUST,-13.4
POWERSHARES E T F TRUST,-21.4
POWERSHARES E T F TRUST,-27.1
POWERSHARES E T F TRUST,-12.8
POWERSHARES E T F TRUST,-9.1
POWERSHARES E T F TRUST,-13.4
POWERSHARES E T F TRUST,-9.4
PRANA BIOTECHNOLOGY LTD,-9.1
PRAXAIR INC,-19.7
PRECISION DRILLING CORP,-21.1
PREFERRED BANK LOS ANGELES,14.6
PREFORMED LINE PRODUCTS CO,6.9
PREMIER FINANCIAL BANCORP INC,3.8
PRESTIGE BRANDS HOLDINGS INC,-6.5
PRICELINE COM INC,-26.4
PRICESMART INC,-21.2
PRIMEENERGY CORP,-3.5
PRINCIPAL FINANCIAL GROUP INC,-5.0
PRIVATEBANCORP INC,36.3
PRO DEX INC COLO,-4.0
PROASSURANCE CORP,3.9
PROCTER & GAMBLE CO,-0.1
PROGENICS PHARMACEUTICALS INC,-3.1
PROGRESS SOFTWARE CORP,-11.0
PROGRESSIVE CORP OH,-5.8
PROPHASE LABS INC,-3.3
PROSHARES TRUST,-19.6
PROSHARES TRUST,-30.2
PROSHARES TRUST,-14.6
PROSHARES TRUST,-22.4
PROSHARES TRUST,7.8
PROSHARES TRUST,14.3
PROSHARES TRUST,4.4
PROSHARES TRUST,10.7
PROSHARES TRUST,18.4
PROSHARES TRUST,7.5
PROSHARES TRUST,29.8
PROSHARES TRUST,14.2
PROSPECT CAPITAL CORP,-5.6
PROSPERITY BANCSHARES INC,6.8
PROVIDENCE SERVICE CORP,-23.5
PROVIDENT FINANCIAL HOLDINGS INC,38.8
PROVIDENT FINANCIAL SVCS INC,8.3
PROVIDENT NEW YORK BANCORP,-4.5
PRUDENTIAL BANCORP INC NEW,-3.7
PRUDENTIAL FINANCIAL INC,-2.3
PRUDENTIAL PLC,-7.6
PSIVIDA CORP,-56.3
PSYCHEMEDICS CORP,-4.1
PUBLIC SERVICE ENTERPRISE GP INC,-18.8
PUBLIC STORAGE,12.7
PULTE GROUP INC,-3.4
PURE CYCLE CORP,-0.8
PUTNAM HIGH INCOME SECURITIES FD,-18.4
PUTNAM MANAGED MUNI INCOME TR,-3.4
PUTNAM MASTER INTER INCOME TR,-7.4
PUTNAM MUNICIPAL OPPTYS TR,-4.9
PUTNAM PREMIER INCOME TRUST,-6.4
PYRAMID OIL CO,-52.5
Q C R HOLDINGS INC,-0.4
QAD INC,5.2
QIAGEN NV,-6.8
QORVO INC,-24.7
QUAKER CHEMICAL CORP,-3.9
QUALCOMM INC,-18.4
QUALITY SYSTEMS INC,-0.6
QUALSTAR CORP,-6.6
QUANTA SERVICES INC,-15.4
QUANTUM CORP,-40.7
QUEST DIAGNOSTICS INC,-4.4
QUICKLOGIC CORP,-31.4
QUIDEL CORP,-16.1
QUMU CORP,-12.4
R B C BEARINGS INC,-15.6
R C M TECHNOLOGIES INC,-37.6
R F INDUSTRIES LTD,-36.0
R G C RESOURCES INC,-4.9
R L I CORP,11.5
R P C INC,-22.9
R P M INTERNATIONAL INC,-10.5
R T I BIOLOGICS INC,-0.3
RADA ELECTRONIC INDUSTRIES LTD,-16.8
RADCOM LTD,-27.0
RADIAN GROUP INC,31.6
RADIO ONE INC,-17.5
RADIO ONE INC,-28.6
RADISYS CORP,-22.3
RADWARE LTD,-14.6
RAIT FINANCIAL TRUST,-7.4
RAMBUS INC,-26.9
RAMCO GERSHENSON PROPERTIES TR,-1.0
RAND CAPITAL CORP,6.4
RANDGOLD RESOURCES LTD,-6.5
RANGE RESOURCES CORP,-7.6
RAVEN INDUSTRIES INC,-12.7
RAYMOND JAMES FINANCIAL INC,7.3
RAYONIER INC NEW,6.4
RAYTHEON CO,-10.8
RCI HOSPITALITY HOLDINGS INC,-29.7
READING INTERNATIONAL INC,-11.2
REALNETWORKS INC,-23.4
REALTY INCOME CORP,0.2
REAVES UTILITY INCOME FUND,-17.2
RED HAT INC,-28.2
RED LION HOTELS CORP,-6.0
RED ROBIN GOURMET BURGERS INC,0.4
REDWOOD TRUST INC,19.9
REED ELSEVIER N V,-11.2
REED ELSEVIER PLC,-12.4
REGAL BELOIT CORP,-9.1
REGAL ENTERTAINMENT GROUP,-4.1
REGENCY CENTERS CORP,7.6
REGENERON PHARMACEUTICALS INC,0.5
REGIONS FINANCIAL CORP NEW,4.6
REGIS CORP MINN,0.1
REINSURANCE GROUP OF AMERICA INC,12.1
REIS INC,-20.1
RELIANCE STEEL & ALUMINUM CO,-33.4
RELIV INTERNATIONAL INC,-4.7
RELM WIRELESS CORP,0.0
RENAISSANCERE HOLDINGS LTD,3.0
RENASANT CORP,15.7
RENT A CENTER INC NEW,-1.7
RENTECH INC,-43.6
REPLIGEN CORP,-12.3
REPROS THERAPEUTICS INC,-13.8
REPUBLIC BANCORP INC KY,2.7
REPUBLIC FIRST BANCORP INC,-4.2
REPUBLIC SERVICES INC,-8.2
RESEARCH FRONTIERS INC,-20.0
RESMED INC,-8.1
RESOURCE CAPITAL CORP,-0.7
RESOURCES CONNECTION INC,-6.8
RETRACTABLE TECHNOLOGIES INC,-9.2
REVLON INC,6.8
REX AMERICAN RESOURCES CORP,-10.6
REYNOLDS AMERICAN INC,-6.6
RICHARDSON ELECTRONICS LTD,-7.6
RICHMONT MINES INC,-26.2
RIGEL PHARMACEUTICALS INC,-1.3
RIO TINTO PLC,-33.6
RITCHIE BROS AUCTIONEERS INC,-11.7
RITE AID CORP,-30.6
RIVERVIEW BANCORP INC,-7.7
ROBERT HALF INTERNATIONAL INC,-3.3
ROCKVILLE FINANCIAL INC,8.8
ROCKWELL AUTOMATION INC,-20.9
ROCKWELL COLLINS INC,-8.6
ROCKWELL MEDICAL INC,-17.0
ROCKY BRANDS INC,-37.2
ROCKY MOUNTAIN CHOC FAC INC NEW,1.1
ROGERS COMMUNICATIONS INC,-8.1
ROGERS CORP,-7.6
ROLLINS INC,6.8
ROPER INDUSTRIES INC NEW,-3.6
ROSS STORES INC,-8.2
ROWAN COMPANIES INC,-17.3
ROYAL BANCSHARES PA INC,11.6
ROYAL BANK CANADA MONTREAL QUE,5.1
ROYAL CARIBBEAN CRUISES LTD,-23.1
ROYAL DUTCH SHELL PLC,-17.0
ROYAL DUTCH SHELL PLC,-15.1
ROYAL GOLD INC,3.6
ROYCE FOCUS TRUST INC,-12.9
ROYCE MICRO CAP TRUST INC,-17.5
ROYCE VALUE TRUST INC,-17.6
RUBY TUESDAY INC,-17.2
RUDOLPH TECHNOLOGIES INC,-0.7
RURBAN FINANCIAL CORP,-9.8
RUSH ENTERPRISES INC,-3.3
RUSH ENTERPRISES INC,-3.0
RUTHS CHRIS STEAK HOUSE INC,-13.6
RYANAIR HOLDINGS PLC,-1.4
RYDER SYSTEMS INC,-3.9
RYDEX E T F TRUST,-10.9
RYDEX E T F TRUST,-6.1
RYDEX E T F TRUST,-7.4
RYDEX E T F TRUST,-10.0
RYDEX E T F TRUST,-5.4
RYDEX E T F TRUST,-12.0
RYDEX E T F TRUST,-2.6
RYDEX E T F TRUST,-6.4
RYDEX E T F TRUST,-12.2
RYDEX E T F TRUST,-15.5
RYDEX E T F TRUST,-15.8
RYDEX E T F TRUST,-16.2
RYDEX E T F TRUST,-8.7
RYDEX E T F TRUST,-10.5
RYDEX E T F TRUST,-22.3
RYDEX E T F TRUST,-1.5
RYDEX E T F TRUST,-7.4
S & T BANCORP INC,10.7
S A P AG,-4.7
S B A COMMUNICAITONS CORP,-25.9
S E I INVESTMENTS COMPANY,-6.0
S I FINANCIAL GROUP INC,-21.9
S J W CORP,7.5
S K TELECOM CO LTD,-7.7
S L GREEN REALTY CORP,-23.7
S L M CORP,-25.3
S M ENERGY CO,-15.6
S M T C CORP,-35.0
S O R L AUTO PARTS INC,-34.7
S P A R GROUP INC,-20.0
S P PLUS CORP,1.8
S P X CORP,-35.2
S V B FINANCIAL GROUP,3.3
S Y BANCORP INC,9.0
SABINE ROYALTY TR,-15.4
SABRA HEALTHCARE REIT INC,-14.7
SAFEGUARD SCIENTIFICS INC,-12.6
SAFETY INSURANCE GROUP INC,-11.8
SAGA COMMUNICATIONS INC,-9.4
SAIA INC,-31.1
SALEM COMMUNICATIONS CORP,-34.2
SALESFORCE COM INC,-13.6
SALISBURY BANCORP INC,-5.0
SALLY BEAUTY HOLDINGS INC,0.7
SAN JUAN BASIN RTY TR,-6.1
SANDERSON FARMS INC,7.1
SANDY SPRING BANCORP INC,24.8
SANFILIPPO JOHN B & SON,-11.6
SANGAMO BIOSCIENCES INC,-22.9
SANMINA CORP,-40.4
SANOFI,-7.3
SAPIENS INTERNATIONAL CORP N V,0.7
SASOL LTD,-22.7
SAUL CENTERS INC,10.5
SCANA CORP NEW,0.5
SCANSOURCE INC,-4.3
SCHEIN HENRY INC,-7.9
SCHLUMBERGER LTD,-17.1
SCHMITT INDUSTRIES INC ORE,-0.4
SCHNITZER STEEL INDUSTRIES INC,-42.6
SCHOLASTIC CORP,-1.6
SCHULMAN A INC,-18.3
SCHWAB CHARLES CORP NEW,8.4
SCHWEITZER MAUDUIT INTL INC,0.2
SCICLONE PHARMACEUTICALS INC,-23.5
SCIENTIFIC GAMES CORP,-23.5
SCOTTS MIRACLE GRO CO,-11.6
SCRIPPS E W CO OHIO,-2.8
SEABOARD CORP,-3.0
SEABRIDGE GOLD INC,11.4
SEACHANGE INTERNATIONAL INC,12.6
SEACOAST BANKING CORP FLA,22.3
SEACOR HOLDINGS INC,-10.4
SEAGATE TECHNOLOGY,-18.7
SEALED AIR CORP NEW,-8.7
SEARS HOLDINGS CORP,1.7
SEASPAN CORP,-27.3
SEATTLE GENETICS INC,-4.0
SECTOR SPDR TRUST,-15.4
SECTOR SPDR TRUST,-7.4
SECTOR SPDR TRUST,-1.2
SECTOR SPDR TRUST,-8.2
SECTOR SPDR TRUST,-14.9
SECTOR SPDR TRUST,-6.3
SECTOR SPDR TRUST,-12.0
SECTOR SPDR TRUST,-12.4
SECTOR SPDR TRUST,-11.0
SECURITY NATIONAL FINANCIAL CORP,-4.4
SELECT COMFORT CORP,-31.3
SELECTIVE INSURANCE GROUP INC,-5.1
SEMPRA ENERGY,-12.3
SEMTECH CORP,-5.6
SENECA FOODS CORP NEW,-6.2
SENIOR HOUSING PROPERTIES TRUST,9.9
SENOMYX INC,7.9
SENSIENT TECHNOLOGIES CORP,-3.7
SERVICE CORP INTERNATIONAL,-18.1
SERVOTRONICS INC,-38.5
SEVCON INC,-32.3
SEVERN BANCORP INC MD,-0.2
SHAW COMMUNICATIONS INC,-5.2
SHENANDOAH TELECOM COMPANY,27.7
SHERWIN WILLIAMS CO,-2.4
SHILOH INDUSTRIES INC,-1.5
SHINHAN FINANCIAL GROUP CO LTD,-21.0
SHIP FINANCE INTERNATIONAL LTD,-22.5
SHIRE LTD,-9.9
SHOE CARNIVAL INC IN,0.4
SHORE BANCSHARES INC,12.2
SHUTTERFLY INC,3.3
SIEBERT FINANCIAL CORP,-1.0
SIERRA BANCORP,32.0
SIERRA WIRELESS INC,-21.6
SIFCO INDUSTRIES INC,-21.9
SIFY LTD,-39.5
SIGMA DESIGNS INC,-17.0
SIGMATRON INTERNATIONAL INC,-28.5
SIGNATURE BANK NEW YORK N Y,18.0
SIGNET GROUP PLC,2.3
SILGAN HOLDINGS INC,-2.4
SILICOM LTD,-24.5
SILICON LABORATORIES INC,-8.9
SILICON MOTION TECHNOLOGY CORP,-37.1
SILICONWARE PRECISION INDS CO LT,-16.1
SILVER STANDARD RESOURCES INC,-34.2
SILVER WHEATON CORP,-29.3
SIMMONS 1ST NATIONAL CORP,25.9
SIMON PROPERTY GROUP INC NEW,2.2
SIMPSON MANUFACTURING CO INC,-2.6
SIMULATIONS PLUS INC,-19.9
SINA CORP,-17.4
SINCLAIR BROADCAST GROUP INC,-26.1
SINOPEC SHANGHAI PETRO CO LTD,-29.0
SINOVAC BIOTECH LTD,-24.7
SIRIUS SATELLITE RADIO INC,-57.1
SKECHERS U S A INC,-12.0
SKYLINE CORP,16.4
SKYWEST INC,-6.3
SKYWORKS SOLUTIONS INC,-13.8
SMITH & NEPHEW P L C,-11.6
SMITH & WESSON HOLDING CORP,-34.0
SMITH A O CORP,-4.8
SMITH MICRO SOFTWARE INC,-6.2
SMUCKER J M CO,2.7
SNAP ON INC,-7.6
SOCIEDAD QUIMICA & MINERA CHL SA,-34.2
SOHU COM INC,-26.0
SOLITARIO EXPLOR & ROYALTY CORP,-16.5
SONIC AUTOMOTIVE INC,-20.3
SONIC CORP,0.6
SONIC FOUNDRY INC,-25.0
SONOCO PRODUCTS CO,-14.1
SONUS NETWORKS INC,-14.8
SONY CORP,-18.5
SOTHEBYS,-25.5
SOURCE CAPITAL INC,-6.9
SOUTH JERSEY INDS INC,0.8
SOUTHERN CO,0.5
SOUTHERN COPPER CORP,-25.3
SOUTHERN NATIONAL BANCORP VA INC,3.8
SOUTHSIDE BANCSHARES INC,15.9
SOUTHWEST AIRLINES CO,-4.7
SOUTHWEST BANCORP INC OKLA,5.5
SOUTHWEST GAS CORP,-0.3
SOUTHWEST GEORGIA FINANCIAL CORP,-11.2
SOUTHWESTERN ENERGY CO,-20.4
SPAN AMERICA MEDICAL SYSTEMS INC,-7.3
SPANISH BROADCASTING SYSTEM INC,-7.3
SPARTAN MOTORS INC,-32.8
SPARTAN STORES INC,9.4
SPARTON CORP,-38.8
SPDR GOLD TRUST,4.1
SPDR INDEX SHARES FUNDS,-11.8
SPDR INDEX SHARES FUNDS,-11.9
SPDR INDEX SHARES FUNDS,-12.8
SPDR S & P 500 E T F TRUST,-9.4
SPDR SERIES TRUST,-11.5
SPDR SERIES TRUST,-7.6
SPDR SERIES TRUST,-12.8
SPDR SERIES TRUST,-6.6
SPDR SERIES TRUST,-16.9
SPDR SERIES TRUST,-4.6
SPDR SERIES TRUST,-0.5
SPDR SERIES TRUST,4.0
SPDR SERIES TRUST,-13.2
SPDR SERIES TRUST,-10.2
SPDR SERIES TRUST,3.7
SPDR SERIES TRUST,-9.3
SPDR SERIES TRUST,-14.9
SPDR SERIES TRUST,-8.2
SPDR SERIES TRUST,-12.5
SPDR SERIES TRUST,-10.7
SPDR SERIES TRUST,-17.5
SPDR SERIES TRUST,0.2
SPDR SERIES TRUST,-6.5
SPDR SERIES TRUST,11.7
SPDR SERIES TRUST,-4.3
SPDR SERIES TRUST,-7.6
SPDR SERIES TRUST,-18.4
SPDR SERIES TRUST,-21.7
SPDR SERIES TRUST,-34.2
SPECTRANETICS CORP,-42.4
SPECTRUM PHARMACEUTICALS INC,-17.5
SPEEDWAY MOTORSPORTS INC,-12.0
SPHERIX INC,21.3
SPIRIT AEROSYSTEMS HOLDINGS INC,-29.5
SPOK HOLDINGS INC,-2.4
ST JOE CO,4.9
ST JUDE MEDICAL INC,-5.1
ST PAUL TRAVELERS COS INC,3.0
STAAR SURGICAL CO,-17.9
STAGE STORES INC,-13.9
STAMPS COM INC,-15.0
STANDARD MOTOR PRODUCTS INC,-10.0
STANDEX INTERNATIONAL CORP,11.0
STANLEY BLACK & DECKER INC,-12.3
STANLEY FURNITURE CO NEW,10.7
STANTEC INC,-17.3
STAPLES INC,-7.0
STAR GAS PARTNERS LP,-18.7
STARBUCKS CORP,-4.4
STARRETT L S CO,-29.3
STARTEK INC,-29.0
STATE AUTO FINANCIAL CORP,-5.3
STATE STREET CORP,-15.6
STATOIL A S A,-22.3
STEALTHGAS INC,-19.6
STEEL DYNAMICS INC,-30.8
STEELCASE INC,-3.2
STEIN MART INC,-1.0
STEPAN CO,-7.2
STERICYCLE INC,-0.7
STERIS CORP,2.2
STERLING CONSTRUCTION CO INC,-12.2
STEWART INFORMATION SVCS CORP,59.0
STIFEL FINANCIAL CORP,22.1
STILLWATER MINING CO,-22.0
STMICROELECTRONICS NV,-22.3
STONE ENERGY CORP,-11.2
STONEMOR PARTNERS L P,-17.0
STONERIDGE INC,-11.4
STRATASYS INC,4.9
STRATTEC SECURITY CORP,-6.3
STRATUS PROPERTIES INC,-5.2
STRAYER EDUCATION INC,-4.6
STREAMLINE HEALTH SOLUTIONS INC,-21.2
STRYKER CORP,-7.3
STURM RUGER & CO INC,-4.9
SUBURBAN PROPANE PARTNERS LP,-12.4
SUFFOLK BANCORP,11.5
SUMMIT FINANCIAL GROUP INC,-2.4
SUMMIT STATE BANK,-8.9
SUN BANCORP INC NJ,14.8
SUN COMMUNITIES INC,2.6
SUN HYDRAULICS CORP,-21.0
SUN LIFE FINANCIAL INC,-7.8
SUNCOR ENERGY INC,-25.8
SUNESIS PHARMACEUTICALS INC,-39.9
SUNLINK HEALTH SYSTEMS INC,-12.0
SUNOCO LOGISTICS PARTNERS,-9.0
SUNOPTA INC,-7.5
SUNPOWER CORP,-27.3
SUNSTONE HOTEL INVESTORS INC NEW,-2.3
SUNTRUST BANKS INC,7.4
SUPERCONDUCTOR TECHNOLOGIES INC,-32.0
SUPERIOR ENERGY SERVICES INC,-33.8
SUPERIOR INDUSTRIES INTL INC,9.0
SUPERIOR UNIFORM GROUP INC,-1.9
SUPERVALU INC,-6.4
SUPPORT COM INC,-14.0
SUPREME INDUSTRIES INC,-24.2
SURMODICS INC,-19.2
SUSSEX BANCORP,2.6
SWISS HELVETIA FUND INC,-12.0
SYKES ENTERPRISES INC,9.0
SYMANTEC CORP,-12.2
SYNALLOY CORP,-12.3
SYNAPTICS INC,-13.4
SYNCHRONOSS TECHNOLOGIES INC,-25.7
SYNERON MEDICAL LTD,-13.7
SYNGENTA A G,-21.2
SYNNEX CORP,-2.8
SYNOPSYS INC,-7.3
SYNOVUS FINANCIAL CORP,13.2
SYNTEL INC,-25.7
SYPRIS SOLUTIONS INC,-27.1
SYSCO CORP,-3.1
SYSTEMAX INC,-8.8
T C F FINANCIAL CORP,14.3
T C PIPELINES L P,-9.5
T C W STRATEGIC INCOME FUND INC,-18.5
T D AMERITRADE HOLDING CORP,-18.4
T E S S C O TECHNOLOGIES INC,-13.0
T I C C CAPITAL CORP,-11.3
T J X COMPANIES INC NEW,-15.8
T O R MINERALS INTL INC,-4.6
T R C COMPANIES INC,-11.9
T ROWE PRICE GROUP INC,-9.1
T S R INC,-11.5
TAITRON COMPONENTS INC,-13.8
TAIWAN FUND INC,-18.6
TAIWAN SEMICONDUCTOR MFG CO LTD,-3.5
TAKE TWO INTERACTIVE SOFTWR INC,-34.6
TANDY LEATHER FACTORY INC,-2.9
TANGER FACTORY OUTLET CENTERS IN,9.1
TANZANIAN ROYALTY EXPL CORP,-31.0
TARGET CORP,-7.5
TASEKO MINES LTD,-37.5
TASER INTERNATIONAL INC,10.0
TAT TECHNOLOGIES LTD,21.0
TATA MOTORS LTD,-22.3
TAUBMAN CENTERS INC,3.9
TAYLOR DEVICES INC,-30.1
TEAM INC,-5.2
TECH DATA CORP,-12.6
TECK COMINCO LTD,-29.8
TEEKAY CORP,-25.8
TEEKAY L N G PARTNERS L P,-31.0
TEEKAY OFFSHORE PARTNERS LP,-28.3
TEJON RANCH CO,8.6
TEL INSTRUMENT ELECTRONICS CORP,-3.2
TELECOM ARGENTINA S A,-7.9
TELECOM ITALIA S P A NEW,-7.6
TELEDYNE TECHNOLOGIES,-8.3
TELEFLEX INC,-1.7
TELEFONICA S A,-3.5
TELEPHONE & DATA SYSTEMS INC,-6.6
TELETECH HOLDINGS INC,-19.3
TEMPLETON DRAGON FUND INC,-14.1
TEMPLETON EMERG MKTS FD,-13.9
TEMPLETON EMERG MKTS INC FD,-21.9
TEMPLETON GLOBAL INCOME FUND,-11.5
TEMPUR PEDIC INTERNATIONAL INC,4.0
TENARIS S A,-31.8
TENET HEALTHCARE CORP,-8.0
TENGASCO INC,-44.6
TENNANT CO,10.0
TENNECO INC DE,-27.2
TERADYNE INC,-16.3
TEREX CORP NEW,-39.3
TERNIUM S A,-47.1
TERRA NITROGEN CO L P,-8.4
TESCO CORP,-38.4
TESORO CORP,-11.1
TESSERA HOLDING CORP,-29.8
TETRA TECH INC,-15.8
TETRA TECHNOLOGIES INC,-37.4
TEVA PHARMACEUTICAL INDS LTD,-3.3
TEXAS CAPITAL BANCSHARES INC,33.0
TEXAS INSTRUMENTS INC,-12.3
TEXAS PACIFIC LAND TRUST,-14.2
TEXAS ROADHOUSE INC,0.1
TEXTRON INC,-28.2
THAI FUND INC,-17.1
THE9 LTD,-8.3
THERAVANCE INC,-8.6
THERMO FISHER SCIENTIFIC INC,-9.2
THESTREET COM,-15.3
THOMSON CORP,-18.9
THOR INDUSTRIES INC,8.0
THRESHOLD PHARMACEUTICALS INC,-29.7
TIDEWATER INC,-8.3
TIFFANY & CO NEW,-19.2
TIMBERLAND BANCORP INC,-3.7
TIME WARNER INC NEW,-19.9
TIMKEN COMPANY,-12.3
TITAN INTERNATIONAL INC ILL,-20.3
TOLL BROTHERS INC,1.4
TOMPKINS FINANCIAL CORP,11.5
TOOTSIE ROLL INDS INC,1.5
TOP IMAGE SYSTEMS LTD,-7.1
TOP SHIPS INC,-11.6
TORCHMARK CORP,0.1
TORO COMPANY,1.1
TORONTO DOMINION BANK ONT,4.7
TORTOISE ENERGY INFRASTRUCT CORP,-25.8
TOTAL S A,-15.6
TOTAL SYSTEM SERVICES INC,-17.3
TOWER SEMICONDUCTOR LTD,-27.5
TOWN SPORTS INTL HOLDINGS INC,-41.8
TOYOTA MOTOR CORP,-2.7
TRACTOR SUPPLY CO NEW,-1.3
TRANS WORLD ENTERTAINMENT CORP,-1.7
TRANSACT TECHNOLOGIES INC,-35.0
TRANSALTA CORP,-21.5
TRANSCANADA CORP,-3.9
TRANSCAT INC,13.3
TRANSDIGM GROUP INC,-8.9
TRANSGLOBE ENERGY CORP,-19.2
TRANSMONTAIGNE PARTNERS L P,-17.1
TRANSOCEAN INC,-13.6
TRANSPORTADORA DE GAS DEL SUR SA,-18.1
TRAVELZOO INC,1.1
TREDEGAR CORP,-9.9
TREEHOUSE FOODS INC,7.0
TREX COMPANY INC,-2.4
TRI CONTINENTAL CORP,-14.3
TRIARC COMPANIES INC,-8.4
TRICO BANCSHARES,31.8
TRIMBLE INC,-23.6
TRINA SOLAR LIMITED,-29.8
TRINITY BIOTECH PLC,-17.1
TRINITY INDUSTRIES INC,-28.5
TRIO TECH INTL,-33.3
TRIUMPH GROUP INC NEW,-16.5
TRUSTCO BANK CORP NY,20.9
TRUSTMARK CORP,8.1
TSAKOS ENERGY NAVIGATION LTD,-14.8
TTM TECHNOLOGIES INC,-17.2
TUCOWS INC,-18.8
TUESDAY MORNING CORP,-1.9
TUPPERWARE BRANDS CORP,-22.0
TURKCELL ILETISIM HIZMETLERI A S,-9.4
TURKISH INVESTMENT FUND INC,-23.2
TWIN DISC INC,-25.1
TYLER TECHNOLOGIES INC,-6.4
TYSON FOODS INC,-17.8
U A L CORP,-20.9
U D R INC,5.5
U F P TECHNOLOGIES INC,-36.0
U G I CORP NEW,-5.6
U M B FINANCIAL CORP,1.3
U M H PROPERTIES INC,-17.3
U Q M TECHNOLOGIES INC,20.9
U S A TRUCK INC,-13.3
U S BANCORP DEL,14.4
U S G CORP,-7.8
U S GLOBAL INVESTORS INC,-28.8
U S PHYSICAL THERAPY INC,-12.4
ULTIMATE SOFTWARE GROUP,-3.7
ULTRA CLEAN HOLDINGS INC,-30.8
ULTRALIFE BATTERIES INC,-33.0
ULTRATECH INC,-18.5
UMPQUA HOLDINGS CORP,6.7
UNDER ARMOUR INC,-5.8
UNICO AMERICAN CORP,-1.8
UNIFI INC,21.3
UNIFIRST CORP,0.2
UNILEVER N V,2.0
UNILEVER PLC,1.5
UNION BANKSHARES CORP,5.7
UNION BANKSHARES INC,2.5
UNION PACIFIC CORP,-15.2
UNISYS CORP,-32.8
UNIT CORP,-26.4
UNITED BANCORP INC OH,9.6
UNITED BANCSHARES INC,-1.5
UNITED BANKSHARES INC,37.0
UNITED COMMUNITY BANCORP IN,17.3
UNITED COMMUNITY BANKS INC GA,13.6
UNITED COMMUNITY FINL CORP OHIO,38.5
UNITED FIRE & CAS CO,-3.9
UNITED GUARDIAN INC,-1.0
UNITED MICROELECTRONICS CORP,-16.3
UNITED NATURAL FOODS INC,30.0
UNITED PARCEL SERVICE INC,-1.9
UNITED RENTALS INC,-5.9
UNITED SECURITY BANKSHARES,13.1
UNITED STATES CELLULAR CORP,-10.3
UNITED STATES ENERGY CORP WY,-16.7
UNITED STATES LIME MINERALS INC,-0.7
UNITED STATES OIL FUND L P,-11.7
UNITED STATES STEEL CORP NEW,-41.7
UNITED TECHNOLOGIES CORP,-8.4
UNITED THERAPEUTICS CORP,-0.9
UNITEDHEALTH GROUP INC,-16.6
UNITIL CORP,-2.6
UNITY BANCORP INC,-30.2
UNIVERSAL CORPORATION,-5.5
UNIVERSAL DISPLAY CORP,-22.7
UNIVERSAL ELECTRONICS INC,-4.7
UNIVERSAL FOREST PRODUCTS INC,6.3
UNIVERSAL HEALTH RLTY INCM TR,7.6
UNIVERSAL HEALTH SERVICES INC,-9.3
UNIVERSAL LOGISTICS HOLDINGS INC,-1.1
UNIVERSAL STNLESS & ALY PRODS IN,-29.3
UNIVERSAL TECHNICAL INSTITUTE IN,-0.6
UNIVEST CORP OF PENNSYLVANIA,28.8
UNUM GROUP,-1.2
URBAN OUTFITTERS INC,-10.5
URSTADT BIDDLE PROPERTIES INC,-6.3
URSTADT BIDDLE PROPERTIES INC,10.1
USANA HEALTH SCIENCES INC,8.3
UTAH MEDICAL PRODUCTS INC,-2.2
UTSTARCOM HOLDINGS CORP,3.4
V C A ANTECH INC,-4.1
V F CORP,-1.7
V S E CORP,-8.0
VAALCO ENERGY INC,-12.6
VAIL RESORTS INC,-20.6
VALERO ENERGY CORP NEW,-12.8
VALHI INC NEW,-1.3
VALLEY NATIONAL BANCORP,5.7
VALMONT INDUSTRIES INC,-22.4
VALSPAR CORP,-5.2
VALUE LINE INC,-12.4
VANDA PHARMACEUTICALS INC,-16.1
VANGUARD INDEX FUNDS,-11.2
VANGUARD INDEX FUNDS,-12.8
VANGUARD INDEX FUNDS,-5.3
VANGUARD INDEX FUNDS,-13.0
VANGUARD INDEX FUNDS,-8.9
VANGUARD INDEX FUNDS,-11.2
VANGUARD INDEX FUNDS,-6.8
VANGUARD INDEX FUNDS,-8.9
VANGUARD INDEX FUNDS,-9.2
VANGUARD INDEX FUNDS,-9.2
VANGUARD INDEX FUNDS,-17.1
VANGUARD INTL EQUITY INDEX FUNDS,-15.6
VANGUARD INTL EQUITY INDEX FUNDS,-9.2
VANGUARD INTL EQUITY INDEX FUNDS,-12.9
VANGUARD SECTOR INDEX FUNDS,-8.9
VANGUARD SECTOR INDEX FUNDS,-1.6
VANGUARD SECTOR INDEX FUNDS,-3.0
VANGUARD SECTOR INDEX FUNDS,-6.0
VANGUARD SECTOR INDEX FUNDS,-13.2
VANGUARD SECTOR INDEX FUNDS,-19.0
VANGUARD SECTOR INDEX FUNDS,-11.4
VANGUARD SECTOR INDEX FUNDS,-15.1
VANGUARD SECTOR INDEX FUNDS,-12.8
VANGUARD SECTOR INDEX FUNDS,-13.9
VANGUARD SPECIALIZED FUND,-6.7
VANGUARD SPECIALIZED FUNDS,-0.2
VANGUARD WHITEHALL FUNDS,-4.7
VARIAN MEDICAL SYSTEMS INC,-9.5
VASCO DATA SEC INTL INC,-25.0
VASCULAR SOLUTIONS INC,-11.0
VECTOR GROUP LTD,2.6
VECTREN CORP,0.4
VEECO INSTRUMENTS INC DEL,-11.9
VENTAS INC,9.9
VERIFONE HOLDINGS INC,-18.0
VERISIGN INC,-18.4
VERIZON COMMUNICATIONS INC,-8.6
VERSAR INC,-23.2
VERTEX PHARMACEUTICALS INC,23.8
VESTIN REALTY MORTGAGE II INC,-22.0
VIACOM INC NEW,-15.7
VIACOM INC NEW,-16.0
VIAD CORP,-7.8
VIASAT INC,-10.1
VICAL INC,-32.7
VICON INDUSTRIES INC,-4.6
VICOR CORPORATION,-11.8
VILLAGE SUPER MARKET INC,6.1
VINA CONCHA Y TORO S A,-11.8
VIRCO MFG CORP,-21.3
VIRTUS GLOBAL DIV & INCOME FD IN,-12.8
VISHAY INTERTECHNOLOGY INC,-25.5
VISTA GOLD CORP,-31.4
VIVUS INC,-6.0
VODAFONE GROUP PLC NEW,-13.5
VONAGE HOLDINGS CORP,-31.8
VORNADO REALTY TRUST,-8.6
VULCAN MATERIALS CO,-0.5
W & T OFFSHORE INC,-22.4
W E C ENERGY GROUP INC,-4.0
W E X INC,0.3
W G L HOLDINGS INC,0.8
W N S HOLDINGS LTD,-27.5
W P C S INTERNATIONAL INC,-30.2
W P CAREY & CO LLC,-12.6
W P P GROUP PLC,-16.7
W S I INDUSTRIES INC,-34.8
WABASH NATIONAL CORP,9.3
WABTEC CORP,-13.3
WADDELL & REED FINANCIAL INC,-23.1
WAL MART STORES INC,1.4
WALGREEN CO,-15.0
WASHINGTON FEDERAL INC,7.1
WASHINGTON REAL ESTATE INVS TR,4.8
WASHINGTON TRUST BANCORP INC,9.1
WASTE MANAGEMENT INC DEL,-10.5
WATERS CORP,-14.8
WATERSTONE FINANCIAL INC,-0.6
WATSCO INC,-1.2
WATSCO INC,-1.8
WATTS WATER TECHNOLOGIES INC,-3.8
WAYNE SAVINGS BANCSHARES INC NEW,-9.5
WAYSIDE TECHNOLOGY GROUP INC,-4.6
WD 40 CO,3.0
WEATHERFORD INTERNATIONAL PLC,-34.8
WEB COM GROUP INC,-10.6
WEBMD HEALTH CORP,-6.1
WEBSTER FINANCIAL CORP,18.4
WEIGHT WATCHERS INTL INC NEW,-7.1
WEINGARTEN REALTY INVESTORS,9.5
WEIS MARKETS INC,-4.9
WELLCARE HEALTH PLANS INC,-13.8
WELLS FARGO & CO NEW,24.0
WERNER ENTERPRISES INC,-4.8
WESBANCO INC,8.6
WESCO INTERNATIONAL INC,-16.3
WEST BANCORPORATION INC,7.4
WEST MARINE INC,20.4
WEST PHARMACEUTICAL SERVICES INC,0.0
WESTAMERICA BANCORPORATION,12.4
WESTAR ENERGY INC,3.0
WESTELL TECHNOLOGIES INC,-22.4
WESTERN ALLIANCE BANCORPORATION,18.9
WESTERN ASSET CLAYMORE INF LN SC,-11.5
WESTERN ASSET CLAYMORE INFL LNKD,-12.2
WESTERN ASSET EMERG MKTS DEBT FD,-23.3
WESTERN ASSET GLOBAL HIGH INC FD,-19.1
WESTERN ASSET HIGH INC FD II INC,-20.7
WESTERN ASSET HIGH INC OPP FUND,-18.1
WESTERN ASSET INCOME FUND,-16.7
WESTERN ASSET INTERMED MUNI FD,-8.4
WESTERN ASSET MANAGED MUNIS FUND,-13.8
WESTERN ASSET MUNI HIGH INC FUND,-12.8
WESTERN ASSET MUNI PARTNERS FUND,-13.4
WESTERN ASSET PREMIER,-15.4
WESTERN ASSET VAR RATE STR FD,-14.8
WESTERN DIGITAL CORP,-21.8
WESTERN NEW ENGLAND BANCORP INC,0.8
WESTERN REFINING INC,11.8
WESTERN UNION CO,-10.7
WESTLAKE CHEMICAL CORP,10.8
WESTMORELAND COAL CO,-21.7
WESTPAC BANKING CORP LTD,-7.4
WESTWOOD HOLDINGS GROUP INC,-0.8
WEYCO GROUP INC,5.3
WEYERHAEUSER CO,9.2
WHIRLPOOL CORP,-2.5
WHITE MOUNTAINS INS GROUP INC,-0.7
WHITING PETROLEUM CORP NEW,-26.0
WHOLE FOODS MARKET INC,9.4
WIDEPOINT CORP,-45.9
WILEY JOHN & SONS INC,-14.7
WILEY JOHN & SONS INC,-15.0
WILLAMETTE VALLEY VINYDS INC,-2.1
WILLBROS GROUP INC,-36.0
WILLDAN GROUP INC,-23.4
WILLIAMS COS,-23.4
WILLIAMS SONOMA INC,-8.5
WILLIS GROUP HOLDINGS LIMITED,-5.5
WILLIS LEASE FINANCE CORP,-9.8
WINDSTREAM CORP,-9.9
WINMARK CORP,-9.5
WINNEBAGO INDUSTRIES INC,14.9
WINTRUST FINANCIAL CORPORATION,26.2
WIPRO LTD,-16.1
WIRELESS TELECOM GROUP INC,-11.3
WISDOMTREE TRUST,-5.3
WISDOMTREE TRUST,-0.6
WISDOMTREE TRUST,-5.6
WISDOMTREE TRUST,-1.9
WISDOMTREE TRUST,-4.8
WISDOMTREE TRUST,1.3
WISDOMTREE TRUST,-11.9
WISDOMTREE TRUST,-13.8
WISDOMTREE TRUST,-11.7
WISDOMTREE TRUST,-10.1
WISDOMTREE TRUST,-9.7
WISDOMTREE TRUST,-9.3
WISDOMTREE TRUST,-8.4
WISDOMTREE TRUST,-10.8
WISDOMTREE TRUST,-6.4
WISDOMTREE TRUST,-5.1
WISDOMTREE TRUST,-6.7
WISDOMTREE TRUST,-15.8
WISDOMTREE TRUST,-10.3
WOLVERINE WORLD WIDE INC,0.9
WOODWARD GOVERNOR CO,-23.9
WOORI BANK,-20.5
WORLD ACCEPTANCE CORP,-7.7
WORLD FUEL SERVICES CORP,-19.9
WORLD WRESTLING ENTMT INC,-2.8
WORTHINGTON INDUSTRIES INC,-14.1
WSFS FINANCIAL CORP,12.2
WVS FINANCIAL CORP,2.7
WYNDHAM WORLDWIDE CORP,-18.5
WYNN RESORTS LTD,-14.4
X C E L ENERGY INC,-1.4
X L CAPITAL LTD,-9.8
XERIUM TECHNOLOGIES INC,-16.5
XEROX CORP,-16.9
XILINX INC,-9.7
XOMA CORP,1.4
Y P F SOCIEDAD ANONIMA,0.5
Y R C WORLDWIDE INC,-33.9
YADKIN FINANCIAL CORP,3.7
YAHOO INC,-10.7
YAMANA GOLD INC,-22.9
YANZHOU COAL MINING CO LTD,-39.3
YORK WATER COMPANY,-11.3
YUM BRANDS INC,-8.6
ZEBRA TECHNOLOGIES CORP,-10.8
ZIMMER BIOMET HOLDINGS INC,-10.8
ZIONS BANCORPORATION,44.2
ZIOPHARM ONCOLOGY INC,19.9
ZIX CORP,-18.7
ZUMIEZ INC,14.4
ZWEIG FUND INC,-17.2
